#
# There is insufficient memory for the Java Runtime Environment to continue.
# Native memory allocation (malloc) failed to allocate 1075136 bytes. Error detail: Chunk::new
# Possible reasons:
#   The system is out of physical RAM or swap space
#   This process is running with CompressedOops enabled, and the Java Heap may be blocking the growth of the native heap
# Possible solutions:
#   Reduce memory load on the system
#   Increase physical memory or swap space
#   Check if swap backing store is full
#   Decrease Java heap size (-Xmx/-Xms)
#   Decrease number of Java threads
#   Decrease Java thread stack sizes (-Xss)
#   Set larger code cache with -XX:ReservedCodeCacheSize=
#   JVM is running with Unscaled Compressed Oops mode in which the Java heap is
#     placed in the first 4GB address space. The Java Heap base address is the
#     maximum limit for the native heap growth. Please use -XX:HeapBaseMinAddress
#     to set the Java Heap base and to place the Java Heap above 4GB virtual address.
# This output file may be truncated or incomplete.
#
#  Out of Memory Error (arena.cpp:168), pid=21088, tid=22728
#
# JRE version: OpenJDK Runtime Environment (21.0.6) (build 21.0.6+-13391695-b895.109)
# Java VM: OpenJDK 64-Bit Server VM (21.0.6+-13391695-b895.109, mixed mode, tiered, compressed oops, compressed class ptrs, g1 gc, windows-amd64)
# No core dump will be written. Minidumps are not enabled by default on client versions of Windows
#

---------------  S U M M A R Y ------------

Command Line: --add-opens=java.base/java.lang=ALL-UNNAMED --add-opens=java.base/java.lang.invoke=ALL-UNNAMED --add-opens=java.base/java.util=ALL-UNNAMED --add-opens=java.prefs/java.util.prefs=ALL-UNNAMED --add-exports=jdk.compiler/com.sun.tools.javac.api=ALL-UNNAMED --add-exports=jdk.compiler/com.sun.tools.javac.util=ALL-UNNAMED --add-opens=java.base/java.util=ALL-UNNAMED --add-opens=java.prefs/java.util.prefs=ALL-UNNAMED --add-opens=java.base/java.nio.charset=ALL-UNNAMED --add-opens=java.base/java.net=ALL-UNNAMED --add-opens=java.base/java.util.concurrent.atomic=ALL-UNNAMED --add-opens=java.xml/javax.xml.namespace=ALL-UNNAMED -Xmx2048m -Dfile.encoding=UTF-8 -Duser.country=IN -Duser.language=en -Duser.variant -javaagent:C:\Users\Srinithi\.gradle\wrapper\dists\gradle-8.13-bin\5xuhj0ry160q40clulazy9h7d\gradle-8.13\lib\agents\gradle-instrumentation-agent-8.13.jar org.gradle.launcher.daemon.bootstrap.GradleDaemon 8.13

Host: AMD Ryzen 3 7320U with Radeon Graphics         , 8 cores, 7G,  Windows 11 , 64 bit Build 26100 (10.0.26100.6725)
Time: Wed Oct 15 12:04:30 2025 India Standard Time elapsed time: 112.520980 seconds (0d 0h 1m 52s)

---------------  T H R E A D  ---------------

Current thread (0x000001b81982a2d0):  JavaThread "C2 CompilerThread0" daemon [_thread_in_native, id=22728, stack(0x000000456e200000,0x000000456e300000) (1024K)]


Current CompileTask:
C2:112521 9658       4       org.gradle.internal.instantiation.generator.AbstractClassGenerator::inspectType (602 bytes)

Stack: [0x000000456e200000,0x000000456e300000]
Native frames: (J=compiled Java code, j=interpreted, Vv=VM code, C=native code)
V  [jvm.dll+0x6d0639]
V  [jvm.dll+0x85eb03]
V  [jvm.dll+0x86105e]
V  [jvm.dll+0x861743]
V  [jvm.dll+0x27e6e6]
V  [jvm.dll+0xbff6d]
V  [jvm.dll+0xc04a3]
V  [jvm.dll+0x2f2780]
V  [jvm.dll+0x5fa409]
V  [jvm.dll+0x250d92]
V  [jvm.dll+0x24958d]
V  [jvm.dll+0x24714e]
V  [jvm.dll+0x1c5f04]
V  [jvm.dll+0x2569ac]
V  [jvm.dll+0x254ef6]
V  [jvm.dll+0x3f0e96]
V  [jvm.dll+0x806ed8]
V  [jvm.dll+0x6cef0d]
C  [ucrtbase.dll+0x37b0]
C  [KERNEL32.DLL+0x2e8d7]
C  [ntdll.dll+0x8c53c]


---------------  P R O C E S S  ---------------

Threads class SMR info:
_java_thread_list=0x000001b8200c7ad0, length=75, elements={
0x000001b87faf5b00, 0x000001b81981cff0, 0x000001b8197fec20, 0x000001b81981f190,
0x000001b81981fbe0, 0x000001b819820630, 0x000001b819821080, 0x000001b81982a2d0,
0x000001b819833980, 0x000001b81996af60, 0x000001b819b33fc0, 0x000001b81ea378d0,
0x000001b81ea727e0, 0x000001b81ea73490, 0x000001b81f030850, 0x000001b81f02f450,
0x000001b81f025060, 0x000001b81ec2a030, 0x000001b81ed95050, 0x000001b81ed93610,
0x000001b81ed94330, 0x000001b81ed92f80, 0x000001b81ed956e0, 0x000001b81ed93ca0,
0x000001b81ed949c0, 0x000001b81ed95d70, 0x000001b820ce2740, 0x000001b820ce5530,
0x000001b820ce2dd0, 0x000001b820ce3460, 0x000001b820ce5bc0, 0x000001b820ce3af0,
0x000001b820ce4810, 0x000001b81f978d60, 0x000001b81f9793f0, 0x000001b81f97a110,
0x000001b81f979a80, 0x000001b81f97ae30, 0x000001b81f97a7a0, 0x000001b81f97b4c0,
0x000001b81f978040, 0x000001b81f9786d0, 0x000001b8218e9480, 0x000001b8218e7a40,
0x000001b8218e9b10, 0x000001b8218e8760, 0x000001b8218e8df0, 0x000001b8218ea1a0,
0x000001b8218ea830, 0x000001b8218eaec0, 0x000001b8218eb550, 0x000001b8218e80d0,
0x000001b8218edcb0, 0x000001b8218ee9d0, 0x000001b8218ebbe0, 0x000001b8218ee340,
0x000001b8218ef060, 0x000001b8218ecf90, 0x000001b8218ec270, 0x000001b8218ed620,
0x000001b8218ec900, 0x000001b821ac6dd0, 0x000001b821ac8180, 0x000001b821ac8810,
0x000001b821ac5390, 0x000001b821ac8ea0, 0x000001b821ac7460, 0x000001b821ac5a20,
0x000001b821ac60b0, 0x000001b821ac7af0, 0x000001b821ac9530, 0x000001b821ac9bc0,
0x000001b821ac6740, 0x000001b821aca8e0, 0x000001b821acb600
}

Java Threads: ( => current thread )
  0x000001b87faf5b00 JavaThread "main"                              [_thread_blocked, id=18976, stack(0x000000456d400000,0x000000456d500000) (1024K)]
  0x000001b81981cff0 JavaThread "Reference Handler"          daemon [_thread_blocked, id=23264, stack(0x000000456dc00000,0x000000456dd00000) (1024K)]
  0x000001b8197fec20 JavaThread "Finalizer"                  daemon [_thread_blocked, id=18388, stack(0x000000456dd00000,0x000000456de00000) (1024K)]
  0x000001b81981f190 JavaThread "Signal Dispatcher"          daemon [_thread_blocked, id=34540, stack(0x000000456de00000,0x000000456df00000) (1024K)]
  0x000001b81981fbe0 JavaThread "Attach Listener"            daemon [_thread_blocked, id=17480, stack(0x000000456df00000,0x000000456e000000) (1024K)]
  0x000001b819820630 JavaThread "Service Thread"             daemon [_thread_blocked, id=30464, stack(0x000000456e000000,0x000000456e100000) (1024K)]
  0x000001b819821080 JavaThread "Monitor Deflation Thread"   daemon [_thread_blocked, id=15040, stack(0x000000456e100000,0x000000456e200000) (1024K)]
=>0x000001b81982a2d0 JavaThread "C2 CompilerThread0"         daemon [_thread_in_native, id=22728, stack(0x000000456e200000,0x000000456e300000) (1024K)]
  0x000001b819833980 JavaThread "C1 CompilerThread0"         daemon [_thread_blocked, id=13676, stack(0x000000456e300000,0x000000456e400000) (1024K)]
  0x000001b81996af60 JavaThread "Common-Cleaner"             daemon [_thread_blocked, id=19884, stack(0x000000456e400000,0x000000456e500000) (1024K)]
  0x000001b819b33fc0 JavaThread "Notification Thread"        daemon [_thread_blocked, id=7468, stack(0x000000456e500000,0x000000456e600000) (1024K)]
  0x000001b81ea378d0 JavaThread "Daemon health stats"               [_thread_blocked, id=7796, stack(0x000000456eb00000,0x000000456ec00000) (1024K)]
  0x000001b81ea727e0 JavaThread "Incoming local TCP Connector on port 61280"        [_thread_in_native, id=33148, stack(0x000000456d200000,0x000000456d300000) (1024K)]
  0x000001b81ea73490 JavaThread "Daemon periodic checks"            [_thread_blocked, id=32664, stack(0x000000456d300000,0x000000456d400000) (1024K)]
  0x000001b81f030850 JavaThread "Daemon"                            [_thread_blocked, id=27508, stack(0x000000456ec00000,0x000000456ed00000) (1024K)]
  0x000001b81f02f450 JavaThread "Handler for socket connection from /127.0.0.1:61280 to /127.0.0.1:61957"        [_thread_in_native, id=16628, stack(0x000000456ed00000,0x000000456ee00000) (1024K)]
  0x000001b81f025060 JavaThread "Cancel handler"                    [_thread_blocked, id=9872, stack(0x000000456ee00000,0x000000456ef00000) (1024K)]
  0x000001b81ec2a030 JavaThread "Daemon worker"                     [_thread_in_vm, id=20836, stack(0x000000456ef00000,0x000000456f000000) (1024K)]
  0x000001b81ed95050 JavaThread "Asynchronous log dispatcher for DefaultDaemonConnection: socket connection from /127.0.0.1:61280 to /127.0.0.1:61957"        [_thread_blocked, id=15908, stack(0x000000456f000000,0x000000456f100000) (1024K)]
  0x000001b81ed93610 JavaThread "Stdin handler"                     [_thread_blocked, id=3060, stack(0x000000456f100000,0x000000456f200000) (1024K)]
  0x000001b81ed94330 JavaThread "Daemon client event forwarder"        [_thread_blocked, id=10480, stack(0x000000456f200000,0x000000456f300000) (1024K)]
  0x000001b81ed92f80 JavaThread "Cache worker for journal cache (C:\Users\Srinithi\.gradle\caches\journal-1)"        [_thread_blocked, id=19352, stack(0x000000456f600000,0x000000456f700000) (1024K)]
  0x000001b81ed956e0 JavaThread "File lock request listener"        [_thread_in_native, id=33540, stack(0x000000456f700000,0x000000456f800000) (1024K)]
  0x000001b81ed93ca0 JavaThread "Cache worker for file hash cache (C:\Users\Srinithi\.gradle\caches\8.13\fileHashes)"        [_thread_blocked, id=32292, stack(0x000000456f800000,0x000000456f900000) (1024K)]
  0x000001b81ed949c0 JavaThread "Cache worker for file hash cache (C:\Users\Srinithi\AndroidStudioProjects\NeedleNet\.gradle\8.13\fileHashes)"        [_thread_blocked, id=11628, stack(0x000000456f900000,0x000000456fa00000) (1024K)]
  0x000001b81ed95d70 JavaThread "Cache worker for Build Output Cleanup Cache (C:\Users\Srinithi\AndroidStudioProjects\NeedleNet\.gradle\buildOutputCleanup)"        [_thread_blocked, id=22220, stack(0x000000456fa00000,0x000000456fb00000) (1024K)]
  0x000001b820ce2740 JavaThread "File watcher server"        daemon [_thread_in_native, id=16848, stack(0x000000456fb00000,0x000000456fc00000) (1024K)]
  0x000001b820ce5530 JavaThread "File watcher consumer"      daemon [_thread_blocked, id=34548, stack(0x000000456fc00000,0x000000456fd00000) (1024K)]
  0x000001b820ce2dd0 JavaThread "jar transforms"                    [_thread_blocked, id=26536, stack(0x000000456fd00000,0x000000456fe00000) (1024K)]
  0x000001b820ce3460 JavaThread "jar transforms Thread 2"           [_thread_blocked, id=18020, stack(0x000000456fe00000,0x000000456ff00000) (1024K)]
  0x000001b820ce5bc0 JavaThread "Cache worker for checksums cache (C:\Users\Srinithi\AndroidStudioProjects\NeedleNet\.gradle\8.13\checksums)"        [_thread_blocked, id=27532, stack(0x000000456ff00000,0x0000004570000000) (1024K)]
  0x000001b820ce3af0 JavaThread "Cache worker for file content cache (C:\Users\Srinithi\.gradle\caches\8.13\fileContent)"        [_thread_blocked, id=1264, stack(0x0000004570000000,0x0000004570100000) (1024K)]
  0x000001b820ce4810 JavaThread "jar transforms Thread 3"           [_thread_blocked, id=13844, stack(0x0000004570100000,0x0000004570200000) (1024K)]
  0x000001b81f978d60 JavaThread "Cache worker for cache directory md-supplier (C:\Users\Srinithi\.gradle\caches\8.13\md-supplier)"        [_thread_blocked, id=10460, stack(0x0000004570200000,0x0000004570300000) (1024K)]
  0x000001b81f9793f0 JavaThread "Cache worker for cache directory md-rule (C:\Users\Srinithi\.gradle\caches\8.13\md-rule)"        [_thread_blocked, id=28548, stack(0x0000004570300000,0x0000004570400000) (1024K)]
  0x000001b81f97a110 JavaThread "Unconstrained build operations"        [_thread_blocked, id=21768, stack(0x0000004570400000,0x0000004570500000) (1024K)]
  0x000001b81f979a80 JavaThread "Unconstrained build operations Thread 2"        [_thread_blocked, id=22352, stack(0x0000004570500000,0x0000004570600000) (1024K)]
  0x000001b81f97ae30 JavaThread "Unconstrained build operations Thread 3"        [_thread_blocked, id=31200, stack(0x0000004570600000,0x0000004570700000) (1024K)]
  0x000001b81f97a7a0 JavaThread "Unconstrained build operations Thread 4"        [_thread_blocked, id=26504, stack(0x0000004570700000,0x0000004570800000) (1024K)]
  0x000001b81f97b4c0 JavaThread "Unconstrained build operations Thread 5"        [_thread_blocked, id=26344, stack(0x0000004570800000,0x0000004570900000) (1024K)]
  0x000001b81f978040 JavaThread "Unconstrained build operations Thread 6"        [_thread_blocked, id=26456, stack(0x0000004570900000,0x0000004570a00000) (1024K)]
  0x000001b81f9786d0 JavaThread "Unconstrained build operations Thread 7"        [_thread_blocked, id=23444, stack(0x0000004570a00000,0x0000004570b00000) (1024K)]
  0x000001b8218e9480 JavaThread "Unconstrained build operations Thread 8"        [_thread_blocked, id=34376, stack(0x0000004570b00000,0x0000004570c00000) (1024K)]
  0x000001b8218e7a40 JavaThread "jar transforms Thread 4"           [_thread_blocked, id=16984, stack(0x0000004570c00000,0x0000004570d00000) (1024K)]
  0x000001b8218e9b10 JavaThread "jar transforms Thread 5"           [_thread_blocked, id=8508, stack(0x0000004570d00000,0x0000004570e00000) (1024K)]
  0x000001b8218e8760 JavaThread "Unconstrained build operations Thread 9"        [_thread_blocked, id=16076, stack(0x0000004570e00000,0x0000004570f00000) (1024K)]
  0x000001b8218e8df0 JavaThread "Unconstrained build operations Thread 10"        [_thread_blocked, id=7368, stack(0x0000004570f00000,0x0000004571000000) (1024K)]
  0x000001b8218ea1a0 JavaThread "Unconstrained build operations Thread 11"        [_thread_blocked, id=29412, stack(0x0000004571000000,0x0000004571100000) (1024K)]
  0x000001b8218ea830 JavaThread "Unconstrained build operations Thread 12"        [_thread_blocked, id=13148, stack(0x0000004571100000,0x0000004571200000) (1024K)]
  0x000001b8218eaec0 JavaThread "jar transforms Thread 6"           [_thread_blocked, id=22772, stack(0x0000004571200000,0x0000004571300000) (1024K)]
  0x000001b8218eb550 JavaThread "jar transforms Thread 7"           [_thread_blocked, id=28324, stack(0x0000004571300000,0x0000004571400000) (1024K)]
  0x000001b8218e80d0 JavaThread "jar transforms Thread 8"           [_thread_blocked, id=1556, stack(0x0000004571400000,0x0000004571500000) (1024K)]
  0x000001b8218edcb0 JavaThread "Unconstrained build operations Thread 13"        [_thread_blocked, id=18160, stack(0x000000456d100000,0x000000456d200000) (1024K)]
  0x000001b8218ee9d0 JavaThread "Unconstrained build operations Thread 14"        [_thread_blocked, id=15536, stack(0x0000004571500000,0x0000004571600000) (1024K)]
  0x000001b8218ebbe0 JavaThread "Unconstrained build operations Thread 15"        [_thread_blocked, id=22880, stack(0x0000004571600000,0x0000004571700000) (1024K)]
  0x000001b8218ee340 JavaThread "Unconstrained build operations Thread 16"        [_thread_blocked, id=20980, stack(0x0000004571700000,0x0000004571800000) (1024K)]
  0x000001b8218ef060 JavaThread "Unconstrained build operations Thread 17"        [_thread_blocked, id=26992, stack(0x0000004571800000,0x0000004571900000) (1024K)]
  0x000001b8218ecf90 JavaThread "Unconstrained build operations Thread 18"        [_thread_blocked, id=6064, stack(0x0000004571900000,0x0000004571a00000) (1024K)]
  0x000001b8218ec270 JavaThread "Unconstrained build operations Thread 19"        [_thread_blocked, id=3724, stack(0x0000004571a00000,0x0000004571b00000) (1024K)]
  0x000001b8218ed620 JavaThread "Unconstrained build operations Thread 20"        [_thread_blocked, id=22040, stack(0x0000004571b00000,0x0000004571c00000) (1024K)]
  0x000001b8218ec900 JavaThread "Unconstrained build operations Thread 21"        [_thread_blocked, id=14696, stack(0x0000004571c00000,0x0000004571d00000) (1024K)]
  0x000001b821ac6dd0 JavaThread "Unconstrained build operations Thread 22"        [_thread_blocked, id=15792, stack(0x0000004571d00000,0x0000004571e00000) (1024K)]
  0x000001b821ac8180 JavaThread "Unconstrained build operations Thread 23"        [_thread_blocked, id=8432, stack(0x0000004571e00000,0x0000004571f00000) (1024K)]
  0x000001b821ac8810 JavaThread "Unconstrained build operations Thread 24"        [_thread_blocked, id=4720, stack(0x0000004571f00000,0x0000004572000000) (1024K)]
  0x000001b821ac5390 JavaThread "Unconstrained build operations Thread 25"        [_thread_blocked, id=24616, stack(0x0000004572000000,0x0000004572100000) (1024K)]
  0x000001b821ac8ea0 JavaThread "Unconstrained build operations Thread 26"        [_thread_blocked, id=23792, stack(0x0000004572100000,0x0000004572200000) (1024K)]
  0x000001b821ac7460 JavaThread "Unconstrained build operations Thread 27"        [_thread_blocked, id=11496, stack(0x0000004572200000,0x0000004572300000) (1024K)]
  0x000001b821ac5a20 JavaThread "Unconstrained build operations Thread 28"        [_thread_blocked, id=14500, stack(0x0000004572300000,0x0000004572400000) (1024K)]
  0x000001b821ac60b0 JavaThread "Unconstrained build operations Thread 29"        [_thread_blocked, id=31912, stack(0x0000004572400000,0x0000004572500000) (1024K)]
  0x000001b821ac7af0 JavaThread "Unconstrained build operations Thread 30"        [_thread_blocked, id=16016, stack(0x0000004572500000,0x0000004572600000) (1024K)]
  0x000001b821ac9530 JavaThread "Unconstrained build operations Thread 31"        [_thread_blocked, id=31612, stack(0x0000004572600000,0x0000004572700000) (1024K)]
  0x000001b821ac9bc0 JavaThread "Unconstrained build operations Thread 32"        [_thread_blocked, id=14108, stack(0x0000004572700000,0x0000004572800000) (1024K)]
  0x000001b821ac6740 JavaThread "Unconstrained build operations Thread 33"        [_thread_blocked, id=9316, stack(0x0000004572800000,0x0000004572900000) (1024K)]
  0x000001b821aca8e0 JavaThread "build event listener"              [_thread_blocked, id=25804, stack(0x0000004572900000,0x0000004572a00000) (1024K)]
  0x000001b821acb600 JavaThread "Memory manager"                    [_thread_blocked, id=4044, stack(0x0000004572a00000,0x0000004572b00000) (1024K)]
Total: 75

Other Threads:
  0x000001b81964df80 VMThread "VM Thread"                           [id=7304, stack(0x000000456db00000,0x000000456dc00000) (1024K)]
  0x000001b8195e6890 WatcherThread "VM Periodic Task Thread"        [id=20320, stack(0x000000456da00000,0x000000456db00000) (1024K)]
  0x000001b801fa2ee0 WorkerThread "GC Thread#0"                     [id=3808, stack(0x000000456d500000,0x000000456d600000) (1024K)]
  0x000001b81e08ddf0 WorkerThread "GC Thread#1"                     [id=500, stack(0x000000456e600000,0x000000456e700000) (1024K)]
  0x000001b81e1734b0 WorkerThread "GC Thread#2"                     [id=25488, stack(0x000000456e700000,0x000000456e800000) (1024K)]
  0x000001b81e0dbe40 WorkerThread "GC Thread#3"                     [id=9944, stack(0x000000456e800000,0x000000456e900000) (1024K)]
  0x000001b81ec9b8d0 WorkerThread "GC Thread#4"                     [id=26220, stack(0x000000456e900000,0x000000456ea00000) (1024K)]
  0x000001b81ec0e350 WorkerThread "GC Thread#5"                     [id=15284, stack(0x000000456ea00000,0x000000456eb00000) (1024K)]
  0x000001b81f9157a0 WorkerThread "GC Thread#6"                     [id=10736, stack(0x000000456f300000,0x000000456f400000) (1024K)]
  0x000001b81edcf6f0 WorkerThread "GC Thread#7"                     [id=24168, stack(0x000000456f400000,0x000000456f500000) (1024K)]
  0x000001b801fb53b0 ConcurrentGCThread "G1 Main Marker"            [id=860, stack(0x000000456d600000,0x000000456d700000) (1024K)]
  0x000001b801fb5dc0 WorkerThread "G1 Conc#0"                       [id=33536, stack(0x000000456d700000,0x000000456d800000) (1024K)]
  0x000001b81eec6770 WorkerThread "G1 Conc#1"                       [id=25676, stack(0x000000456f500000,0x000000456f600000) (1024K)]
  0x000001b8194b7240 ConcurrentGCThread "G1 Refine#0"               [id=33472, stack(0x000000456d800000,0x000000456d900000) (1024K)]
  0x000001b8194b8a70 ConcurrentGCThread "G1 Service"                [id=31080, stack(0x000000456d900000,0x000000456da00000) (1024K)]
Total: 15

Threads with active compile tasks:
C2 CompilerThread0  113085 9658       4       org.gradle.internal.instantiation.generator.AbstractClassGenerator::inspectType (602 bytes)
C1 CompilerThread0  113085 9768       3       java.lang.reflect.Constructor::getExceptionTypes (11 bytes)
Total: 2

VM state: not at safepoint (normal execution)

VM Mutex/Monitor currently owned by a thread: None

Heap address: 0x0000000080000000, size: 2048 MB, Compressed Oops mode: 32-bit

CDS archive(s) not mapped
Compressed class space mapped at: 0x0000000100000000-0x0000000140000000, reserved size: 1073741824
Narrow klass base: 0x0000000000000000, Narrow klass shift: 3, Narrow klass range: 0x140000000

GC Precious Log:
 CardTable entry size: 512
 Card Set container configuration: InlinePtr #cards 5 size 8 Array Of Cards #cards 12 size 40 Howl #buckets 4 coarsen threshold 1843 Howl Bitmap #cards 512 size 80 coarsen threshold 460 Card regions per heap region 1 cards per card region 2048
 CPUs: 8 total, 8 available
 Memory: 7412M
 Large Page Support: Disabled
 NUMA Support: Disabled
 Compressed Oops: Enabled (32-bit)
 Heap Region Size: 1M
 Heap Min Capacity: 8M
 Heap Initial Capacity: 116M
 Heap Max Capacity: 2G
 Pre-touch: Disabled
 Parallel Workers: 8
 Concurrent Workers: 2
 Concurrent Refinement Workers: 8
 Periodic GC: Disabled

Heap:
 garbage-first heap   total 142336K, used 101543K [0x0000000080000000, 0x0000000100000000)
  region size 1024K, 23 young (23552K), 5 survivors (5120K)
 Metaspace       used 87316K, committed 89344K, reserved 1179648K
  class space    used 11590K, committed 12608K, reserved 1048576K

Heap Regions: E=young(eden), S=young(survivor), O=old, HS=humongous(starts), HC=humongous(continues), CS=collection set, F=free, TAMS=top-at-mark-start, PB=parsable bottom
|   0|0x0000000080000000, 0x0000000080100000, 0x0000000080100000|100%|HS|  |TAMS 0x0000000080000000| PB 0x0000000080000000| Complete 
|   1|0x0000000080100000, 0x0000000080200000, 0x0000000080200000|100%|HC|  |TAMS 0x0000000080100000| PB 0x0000000080100000| Complete 
|   2|0x0000000080200000, 0x0000000080300000, 0x0000000080300000|100%|HC|  |TAMS 0x0000000080200000| PB 0x0000000080200000| Complete 
|   3|0x0000000080300000, 0x0000000080400000, 0x0000000080400000|100%| O|  |TAMS 0x0000000080300000| PB 0x0000000080300000| Untracked 
|   4|0x0000000080400000, 0x0000000080500000, 0x0000000080500000|100%| O|  |TAMS 0x0000000080400000| PB 0x0000000080400000| Untracked 
|   5|0x0000000080500000, 0x0000000080600000, 0x0000000080600000|100%| O|  |TAMS 0x0000000080500000| PB 0x0000000080500000| Untracked 
|   6|0x0000000080600000, 0x0000000080700000, 0x0000000080700000|100%|HS|  |TAMS 0x0000000080600000| PB 0x0000000080600000| Complete 
|   7|0x0000000080700000, 0x0000000080800000, 0x0000000080800000|100%| O|  |TAMS 0x0000000080700000| PB 0x0000000080700000| Untracked 
|   8|0x0000000080800000, 0x0000000080900000, 0x0000000080900000|100%| O|  |TAMS 0x0000000080800000| PB 0x0000000080800000| Untracked 
|   9|0x0000000080900000, 0x0000000080a00000, 0x0000000080a00000|100%| O|  |TAMS 0x0000000080900000| PB 0x0000000080900000| Untracked 
|  10|0x0000000080a00000, 0x0000000080b00000, 0x0000000080b00000|100%| O|  |TAMS 0x0000000080a00000| PB 0x0000000080a00000| Untracked 
|  11|0x0000000080b00000, 0x0000000080c00000, 0x0000000080c00000|100%| O|  |TAMS 0x0000000080b00000| PB 0x0000000080b00000| Untracked 
|  12|0x0000000080c00000, 0x0000000080d00000, 0x0000000080d00000|100%| O|  |TAMS 0x0000000080c00000| PB 0x0000000080c00000| Untracked 
|  13|0x0000000080d00000, 0x0000000080e00000, 0x0000000080e00000|100%| O|  |TAMS 0x0000000080d00000| PB 0x0000000080d00000| Untracked 
|  14|0x0000000080e00000, 0x0000000080f00000, 0x0000000080f00000|100%| O|  |TAMS 0x0000000080e00000| PB 0x0000000080e00000| Untracked 
|  15|0x0000000080f00000, 0x0000000081000000, 0x0000000081000000|100%| O|  |TAMS 0x0000000080f00000| PB 0x0000000080f00000| Untracked 
|  16|0x0000000081000000, 0x0000000081100000, 0x0000000081100000|100%| O|  |TAMS 0x0000000081000000| PB 0x0000000081000000| Untracked 
|  17|0x0000000081100000, 0x0000000081200000, 0x0000000081200000|100%| O|  |TAMS 0x0000000081100000| PB 0x0000000081100000| Untracked 
|  18|0x0000000081200000, 0x0000000081300000, 0x0000000081300000|100%| O|  |TAMS 0x0000000081200000| PB 0x0000000081200000| Untracked 
|  19|0x0000000081300000, 0x0000000081400000, 0x0000000081400000|100%| O|  |TAMS 0x0000000081300000| PB 0x0000000081300000| Untracked 
|  20|0x0000000081400000, 0x0000000081500000, 0x0000000081500000|100%| O|  |TAMS 0x0000000081400000| PB 0x0000000081400000| Untracked 
|  21|0x0000000081500000, 0x0000000081600000, 0x0000000081600000|100%| O|  |TAMS 0x0000000081500000| PB 0x0000000081500000| Untracked 
|  22|0x0000000081600000, 0x0000000081700000, 0x0000000081700000|100%| O|  |TAMS 0x0000000081600000| PB 0x0000000081600000| Untracked 
|  23|0x0000000081700000, 0x0000000081800000, 0x0000000081800000|100%| O|  |TAMS 0x0000000081700000| PB 0x0000000081700000| Untracked 
|  24|0x0000000081800000, 0x0000000081900000, 0x0000000081900000|100%| O|  |TAMS 0x0000000081800000| PB 0x0000000081800000| Untracked 
|  25|0x0000000081900000, 0x0000000081a00000, 0x0000000081a00000|100%| O|  |TAMS 0x0000000081900000| PB 0x0000000081900000| Untracked 
|  26|0x0000000081a00000, 0x0000000081b00000, 0x0000000081b00000|100%| O|  |TAMS 0x0000000081a00000| PB 0x0000000081a00000| Untracked 
|  27|0x0000000081b00000, 0x0000000081c00000, 0x0000000081c00000|100%| O|  |TAMS 0x0000000081b00000| PB 0x0000000081b00000| Untracked 
|  28|0x0000000081c00000, 0x0000000081d00000, 0x0000000081d00000|100%| O|  |TAMS 0x0000000081c00000| PB 0x0000000081c00000| Untracked 
|  29|0x0000000081d00000, 0x0000000081e00000, 0x0000000081e00000|100%| O|  |TAMS 0x0000000081d00000| PB 0x0000000081d00000| Untracked 
|  30|0x0000000081e00000, 0x0000000081f00000, 0x0000000081f00000|100%| O|  |TAMS 0x0000000081e00000| PB 0x0000000081e00000| Untracked 
|  31|0x0000000081f00000, 0x0000000082000000, 0x0000000082000000|100%| O|  |TAMS 0x0000000081f00000| PB 0x0000000081f00000| Untracked 
|  32|0x0000000082000000, 0x0000000082100000, 0x0000000082100000|100%| O|  |TAMS 0x0000000082000000| PB 0x0000000082000000| Untracked 
|  33|0x0000000082100000, 0x0000000082100000, 0x0000000082200000|  0%| F|  |TAMS 0x0000000082100000| PB 0x0000000082100000| Untracked 
|  34|0x0000000082200000, 0x0000000082300000, 0x0000000082300000|100%| O|  |TAMS 0x0000000082200000| PB 0x0000000082200000| Untracked 
|  35|0x0000000082300000, 0x0000000082400000, 0x0000000082400000|100%|HS|  |TAMS 0x0000000082300000| PB 0x0000000082300000| Complete 
|  36|0x0000000082400000, 0x0000000082500000, 0x0000000082500000|100%| O|  |TAMS 0x0000000082400000| PB 0x0000000082400000| Untracked 
|  37|0x0000000082500000, 0x0000000082600000, 0x0000000082600000|100%| O|  |TAMS 0x0000000082500000| PB 0x0000000082500000| Untracked 
|  38|0x0000000082600000, 0x0000000082700000, 0x0000000082700000|100%| O|  |TAMS 0x0000000082600000| PB 0x0000000082600000| Untracked 
|  39|0x0000000082700000, 0x0000000082800000, 0x0000000082800000|100%| O|  |TAMS 0x0000000082700000| PB 0x0000000082700000| Untracked 
|  40|0x0000000082800000, 0x0000000082900000, 0x0000000082900000|100%|HS|  |TAMS 0x0000000082800000| PB 0x0000000082800000| Complete 
|  41|0x0000000082900000, 0x0000000082a00000, 0x0000000082a00000|100%| O|  |TAMS 0x0000000082900000| PB 0x0000000082900000| Untracked 
|  42|0x0000000082a00000, 0x0000000082b00000, 0x0000000082b00000|100%| O|  |TAMS 0x0000000082a00000| PB 0x0000000082a00000| Untracked 
|  43|0x0000000082b00000, 0x0000000082c00000, 0x0000000082c00000|100%| O|  |TAMS 0x0000000082b00000| PB 0x0000000082b00000| Untracked 
|  44|0x0000000082c00000, 0x0000000082d00000, 0x0000000082d00000|100%| O|  |TAMS 0x0000000082c00000| PB 0x0000000082c00000| Untracked 
|  45|0x0000000082d00000, 0x0000000082e00000, 0x0000000082e00000|100%| O|  |TAMS 0x0000000082d00000| PB 0x0000000082d00000| Untracked 
|  46|0x0000000082e00000, 0x0000000082f00000, 0x0000000082f00000|100%| O|  |TAMS 0x0000000082e00000| PB 0x0000000082e00000| Untracked 
|  47|0x0000000082f00000, 0x0000000083000000, 0x0000000083000000|100%| O|  |TAMS 0x0000000082f00000| PB 0x0000000082f00000| Untracked 
|  48|0x0000000083000000, 0x0000000083100000, 0x0000000083100000|100%| O|Cm|TAMS 0x0000000083000000| PB 0x0000000083000000| Complete 
|  49|0x0000000083100000, 0x0000000083200000, 0x0000000083200000|100%| O|  |TAMS 0x0000000083100000| PB 0x0000000083100000| Untracked 
|  50|0x0000000083200000, 0x0000000083300000, 0x0000000083300000|100%|HS|  |TAMS 0x0000000083200000| PB 0x0000000083200000| Complete 
|  51|0x0000000083300000, 0x0000000083400000, 0x0000000083400000|100%| O|  |TAMS 0x0000000083300000| PB 0x0000000083300000| Untracked 
|  52|0x0000000083400000, 0x0000000083500000, 0x0000000083500000|100%| O|  |TAMS 0x0000000083400000| PB 0x0000000083400000| Untracked 
|  53|0x0000000083500000, 0x0000000083600000, 0x0000000083600000|100%|HS|  |TAMS 0x0000000083500000| PB 0x0000000083500000| Complete 
|  54|0x0000000083600000, 0x0000000083700000, 0x0000000083700000|100%|HS|  |TAMS 0x0000000083600000| PB 0x0000000083600000| Complete 
|  55|0x0000000083700000, 0x0000000083800000, 0x0000000083800000|100%| O|  |TAMS 0x0000000083700000| PB 0x0000000083700000| Untracked 
|  56|0x0000000083800000, 0x0000000083900000, 0x0000000083900000|100%| O|  |TAMS 0x0000000083800000| PB 0x0000000083800000| Untracked 
|  57|0x0000000083900000, 0x0000000083a00000, 0x0000000083a00000|100%| O|  |TAMS 0x0000000083900000| PB 0x0000000083900000| Untracked 
|  58|0x0000000083a00000, 0x0000000083b00000, 0x0000000083b00000|100%|HS|  |TAMS 0x0000000083a00000| PB 0x0000000083a00000| Complete 
|  59|0x0000000083b00000, 0x0000000083c00000, 0x0000000083c00000|100%|HC|  |TAMS 0x0000000083b00000| PB 0x0000000083b00000| Complete 
|  60|0x0000000083c00000, 0x0000000083d00000, 0x0000000083d00000|100%|HS|  |TAMS 0x0000000083c00000| PB 0x0000000083c00000| Complete 
|  61|0x0000000083d00000, 0x0000000083e00000, 0x0000000083e00000|100%|HC|  |TAMS 0x0000000083d00000| PB 0x0000000083d00000| Complete 
|  62|0x0000000083e00000, 0x0000000083f00000, 0x0000000083f00000|100%|HS|  |TAMS 0x0000000083e00000| PB 0x0000000083e00000| Complete 
|  63|0x0000000083f00000, 0x0000000084000000, 0x0000000084000000|100%|HC|  |TAMS 0x0000000083f00000| PB 0x0000000083f00000| Complete 
|  64|0x0000000084000000, 0x0000000084100000, 0x0000000084100000|100%|HC|  |TAMS 0x0000000084000000| PB 0x0000000084000000| Complete 
|  65|0x0000000084100000, 0x0000000084200000, 0x0000000084200000|100%| O|  |TAMS 0x0000000084100000| PB 0x0000000084100000| Untracked 
|  66|0x0000000084200000, 0x0000000084300000, 0x0000000084300000|100%|HS|  |TAMS 0x0000000084200000| PB 0x0000000084200000| Complete 
|  67|0x0000000084300000, 0x0000000084400000, 0x0000000084400000|100%| O|Cm|TAMS 0x0000000084300000| PB 0x0000000084300000| Complete 
|  68|0x0000000084400000, 0x0000000084500000, 0x0000000084500000|100%| O|  |TAMS 0x0000000084400000| PB 0x0000000084400000| Untracked 
|  69|0x0000000084500000, 0x0000000084500000, 0x0000000084600000|  0%| F|  |TAMS 0x0000000084500000| PB 0x0000000084500000| Untracked 
|  70|0x0000000084600000, 0x0000000084600000, 0x0000000084700000|  0%| F|  |TAMS 0x0000000084600000| PB 0x0000000084600000| Untracked 
|  71|0x0000000084700000, 0x0000000084700000, 0x0000000084800000|  0%| F|  |TAMS 0x0000000084700000| PB 0x0000000084700000| Untracked 
|  72|0x0000000084800000, 0x0000000084900000, 0x0000000084900000|100%|HS|  |TAMS 0x0000000084800000| PB 0x0000000084800000| Complete 
|  73|0x0000000084900000, 0x0000000084a00000, 0x0000000084a00000|100%| O|  |TAMS 0x0000000084900000| PB 0x0000000084900000| Untracked 
|  74|0x0000000084a00000, 0x0000000084b00000, 0x0000000084b00000|100%| O|  |TAMS 0x0000000084a00000| PB 0x0000000084a00000| Untracked 
|  75|0x0000000084b00000, 0x0000000084b29f40, 0x0000000084c00000| 16%| O|  |TAMS 0x0000000084b00000| PB 0x0000000084b00000| Untracked 
|  76|0x0000000084c00000, 0x0000000084c00000, 0x0000000084d00000|  0%| F|  |TAMS 0x0000000084c00000| PB 0x0000000084c00000| Untracked 
|  77|0x0000000084d00000, 0x0000000084d00000, 0x0000000084e00000|  0%| F|  |TAMS 0x0000000084d00000| PB 0x0000000084d00000| Untracked 
|  78|0x0000000084e00000, 0x0000000084e00000, 0x0000000084f00000|  0%| F|  |TAMS 0x0000000084e00000| PB 0x0000000084e00000| Untracked 
|  79|0x0000000084f00000, 0x0000000084f00000, 0x0000000085000000|  0%| F|  |TAMS 0x0000000084f00000| PB 0x0000000084f00000| Untracked 
|  80|0x0000000085000000, 0x0000000085000000, 0x0000000085100000|  0%| F|  |TAMS 0x0000000085000000| PB 0x0000000085000000| Untracked 
|  81|0x0000000085100000, 0x0000000085100000, 0x0000000085200000|  0%| F|  |TAMS 0x0000000085100000| PB 0x0000000085100000| Untracked 
|  82|0x0000000085200000, 0x0000000085200000, 0x0000000085300000|  0%| F|  |TAMS 0x0000000085200000| PB 0x0000000085200000| Untracked 
|  83|0x0000000085300000, 0x0000000085300000, 0x0000000085400000|  0%| F|  |TAMS 0x0000000085300000| PB 0x0000000085300000| Untracked 
|  84|0x0000000085400000, 0x0000000085400000, 0x0000000085500000|  0%| F|  |TAMS 0x0000000085400000| PB 0x0000000085400000| Untracked 
|  85|0x0000000085500000, 0x0000000085500000, 0x0000000085600000|  0%| F|  |TAMS 0x0000000085500000| PB 0x0000000085500000| Untracked 
|  86|0x0000000085600000, 0x0000000085600000, 0x0000000085700000|  0%| F|  |TAMS 0x0000000085600000| PB 0x0000000085600000| Untracked 
|  87|0x0000000085700000, 0x0000000085700000, 0x0000000085800000|  0%| F|  |TAMS 0x0000000085700000| PB 0x0000000085700000| Untracked 
|  88|0x0000000085800000, 0x0000000085900000, 0x0000000085900000|100%| S|CS|TAMS 0x0000000085800000| PB 0x0000000085800000| Complete 
|  89|0x0000000085900000, 0x0000000085a00000, 0x0000000085a00000|100%| S|CS|TAMS 0x0000000085900000| PB 0x0000000085900000| Complete 
|  90|0x0000000085a00000, 0x0000000085b00000, 0x0000000085b00000|100%| S|CS|TAMS 0x0000000085a00000| PB 0x0000000085a00000| Complete 
|  91|0x0000000085b00000, 0x0000000085c00000, 0x0000000085c00000|100%| S|CS|TAMS 0x0000000085b00000| PB 0x0000000085b00000| Complete 
|  92|0x0000000085c00000, 0x0000000085d00000, 0x0000000085d00000|100%| S|CS|TAMS 0x0000000085c00000| PB 0x0000000085c00000| Complete 
|  93|0x0000000085d00000, 0x0000000085d00000, 0x0000000085e00000|  0%| F|  |TAMS 0x0000000085d00000| PB 0x0000000085d00000| Untracked 
|  94|0x0000000085e00000, 0x0000000085e00000, 0x0000000085f00000|  0%| F|  |TAMS 0x0000000085e00000| PB 0x0000000085e00000| Untracked 
|  95|0x0000000085f00000, 0x0000000085f00000, 0x0000000086000000|  0%| F|  |TAMS 0x0000000085f00000| PB 0x0000000085f00000| Untracked 
|  96|0x0000000086000000, 0x0000000086000000, 0x0000000086100000|  0%| F|  |TAMS 0x0000000086000000| PB 0x0000000086000000| Untracked 
|  97|0x0000000086100000, 0x0000000086100000, 0x0000000086200000|  0%| F|  |TAMS 0x0000000086100000| PB 0x0000000086100000| Untracked 
|  98|0x0000000086200000, 0x0000000086200000, 0x0000000086300000|  0%| F|  |TAMS 0x0000000086200000| PB 0x0000000086200000| Untracked 
|  99|0x0000000086300000, 0x0000000086300000, 0x0000000086400000|  0%| F|  |TAMS 0x0000000086300000| PB 0x0000000086300000| Untracked 
| 100|0x0000000086400000, 0x0000000086400000, 0x0000000086500000|  0%| F|  |TAMS 0x0000000086400000| PB 0x0000000086400000| Untracked 
| 101|0x0000000086500000, 0x0000000086500000, 0x0000000086600000|  0%| F|  |TAMS 0x0000000086500000| PB 0x0000000086500000| Untracked 
| 102|0x0000000086600000, 0x0000000086600000, 0x0000000086700000|  0%| F|  |TAMS 0x0000000086600000| PB 0x0000000086600000| Untracked 
| 103|0x0000000086700000, 0x0000000086700000, 0x0000000086800000|  0%| F|  |TAMS 0x0000000086700000| PB 0x0000000086700000| Untracked 
| 104|0x0000000086800000, 0x0000000086800000, 0x0000000086900000|  0%| F|  |TAMS 0x0000000086800000| PB 0x0000000086800000| Untracked 
| 105|0x0000000086900000, 0x0000000086900000, 0x0000000086a00000|  0%| F|  |TAMS 0x0000000086900000| PB 0x0000000086900000| Untracked 
| 106|0x0000000086a00000, 0x0000000086a00000, 0x0000000086b00000|  0%| F|  |TAMS 0x0000000086a00000| PB 0x0000000086a00000| Untracked 
| 107|0x0000000086b00000, 0x0000000086b00000, 0x0000000086c00000|  0%| F|  |TAMS 0x0000000086b00000| PB 0x0000000086b00000| Untracked 
| 108|0x0000000086c00000, 0x0000000086c00000, 0x0000000086d00000|  0%| F|  |TAMS 0x0000000086c00000| PB 0x0000000086c00000| Untracked 
| 109|0x0000000086d00000, 0x0000000086d00000, 0x0000000086e00000|  0%| F|  |TAMS 0x0000000086d00000| PB 0x0000000086d00000| Untracked 
| 110|0x0000000086e00000, 0x0000000086e00000, 0x0000000086f00000|  0%| F|  |TAMS 0x0000000086e00000| PB 0x0000000086e00000| Untracked 
| 111|0x0000000086f00000, 0x0000000086f00000, 0x0000000087000000|  0%| F|  |TAMS 0x0000000086f00000| PB 0x0000000086f00000| Untracked 
| 112|0x0000000087000000, 0x0000000087000000, 0x0000000087100000|  0%| F|  |TAMS 0x0000000087000000| PB 0x0000000087000000| Untracked 
| 113|0x0000000087100000, 0x0000000087100000, 0x0000000087200000|  0%| F|  |TAMS 0x0000000087100000| PB 0x0000000087100000| Untracked 
| 114|0x0000000087200000, 0x0000000087200000, 0x0000000087300000|  0%| F|  |TAMS 0x0000000087200000| PB 0x0000000087200000| Untracked 
| 115|0x0000000087300000, 0x0000000087400000, 0x0000000087400000|100%| E|  |TAMS 0x0000000087300000| PB 0x0000000087300000| Complete 
| 116|0x0000000087400000, 0x0000000087500000, 0x0000000087500000|100%| E|CS|TAMS 0x0000000087400000| PB 0x0000000087400000| Complete 
| 117|0x0000000087500000, 0x0000000087600000, 0x0000000087600000|100%| E|CS|TAMS 0x0000000087500000| PB 0x0000000087500000| Complete 
| 118|0x0000000087600000, 0x0000000087700000, 0x0000000087700000|100%| E|CS|TAMS 0x0000000087600000| PB 0x0000000087600000| Complete 
| 119|0x0000000087700000, 0x0000000087800000, 0x0000000087800000|100%| E|CS|TAMS 0x0000000087700000| PB 0x0000000087700000| Complete 
| 120|0x0000000087800000, 0x0000000087900000, 0x0000000087900000|100%| E|CS|TAMS 0x0000000087800000| PB 0x0000000087800000| Complete 
| 121|0x0000000087900000, 0x0000000087a00000, 0x0000000087a00000|100%| E|CS|TAMS 0x0000000087900000| PB 0x0000000087900000| Complete 
| 122|0x0000000087a00000, 0x0000000087b00000, 0x0000000087b00000|100%| E|CS|TAMS 0x0000000087a00000| PB 0x0000000087a00000| Complete 
| 123|0x0000000087b00000, 0x0000000087c00000, 0x0000000087c00000|100%| E|CS|TAMS 0x0000000087b00000| PB 0x0000000087b00000| Complete 
| 124|0x0000000087c00000, 0x0000000087d00000, 0x0000000087d00000|100%| E|CS|TAMS 0x0000000087c00000| PB 0x0000000087c00000| Complete 
| 125|0x0000000087d00000, 0x0000000087e00000, 0x0000000087e00000|100%| E|CS|TAMS 0x0000000087d00000| PB 0x0000000087d00000| Complete 
| 126|0x0000000087e00000, 0x0000000087f00000, 0x0000000087f00000|100%| E|CS|TAMS 0x0000000087e00000| PB 0x0000000087e00000| Complete 
| 127|0x0000000087f00000, 0x0000000088000000, 0x0000000088000000|100%| E|CS|TAMS 0x0000000087f00000| PB 0x0000000087f00000| Complete 
| 128|0x0000000088000000, 0x0000000088100000, 0x0000000088100000|100%| E|CS|TAMS 0x0000000088000000| PB 0x0000000088000000| Complete 
| 129|0x0000000088100000, 0x0000000088200000, 0x0000000088200000|100%| E|CS|TAMS 0x0000000088100000| PB 0x0000000088100000| Complete 
| 130|0x0000000088200000, 0x0000000088300000, 0x0000000088300000|100%| E|CS|TAMS 0x0000000088200000| PB 0x0000000088200000| Complete 
|2040|0x00000000ff800000, 0x00000000ff900000, 0x00000000ff900000|100%| O|  |TAMS 0x00000000ff800000| PB 0x00000000ff800000| Untracked 
|2041|0x00000000ff900000, 0x00000000ffa00000, 0x00000000ffa00000|100%| E|CS|TAMS 0x00000000ff900000| PB 0x00000000ff900000| Complete 
|2042|0x00000000ffa00000, 0x00000000ffb00000, 0x00000000ffb00000|100%| O|  |TAMS 0x00000000ffa00000| PB 0x00000000ffa00000| Untracked 
|2043|0x00000000ffb00000, 0x00000000ffc00000, 0x00000000ffc00000|100%| O|  |TAMS 0x00000000ffb00000| PB 0x00000000ffb00000| Untracked 
|2044|0x00000000ffc00000, 0x00000000ffd00000, 0x00000000ffd00000|100%| O|  |TAMS 0x00000000ffc00000| PB 0x00000000ffc00000| Untracked 
|2045|0x00000000ffd00000, 0x00000000ffe00000, 0x00000000ffe00000|100%| O|  |TAMS 0x00000000ffd00000| PB 0x00000000ffd00000| Untracked 
|2046|0x00000000ffe00000, 0x00000000fff00000, 0x00000000fff00000|100%| O|  |TAMS 0x00000000ffe00000| PB 0x00000000ffe00000| Untracked 
|2047|0x00000000fff00000, 0x0000000100000000, 0x0000000100000000|100%| E|CS|TAMS 0x00000000fff00000| PB 0x00000000fff00000| Complete 

Card table byte_map: [0x000001b8147d0000,0x000001b814bd0000] _byte_map_base: 0x000001b8143d0000

Marking Bits: (CMBitMap*) 0x000001b801fa34f0
 Bits: [0x000001b814bd0000, 0x000001b816bd0000)

Polling page: 0x000001b8001b0000

Metaspace:

Usage:
  Non-class:     73.95 MB used.
      Class:     11.32 MB used.
       Both:     85.27 MB used.

Virtual space:
  Non-class space:      128.00 MB reserved,      74.94 MB ( 59%) committed,  2 nodes.
      Class space:        1.00 GB reserved,      12.31 MB (  1%) committed,  1 nodes.
             Both:        1.12 GB reserved,      87.25 MB (  8%) committed. 

Chunk freelists:
   Non-Class:  4.38 MB
       Class:  3.57 MB
        Both:  7.95 MB

MaxMetaspaceSize: unlimited
CompressedClassSpaceSize: 1.00 GB
Initial GC threshold: 21.00 MB
Current GC threshold: 140.25 MB
CDS: off
 - commit_granule_bytes: 65536.
 - commit_granule_words: 8192.
 - virtual_space_node_default_size: 8388608.
 - enlarge_chunks_in_place: 1.
 - use_allocation_guard: 0.


Internal statistics:

num_allocs_failed_limit: 6.
num_arena_births: 3704.
num_arena_deaths: 0.
num_vsnodes_births: 3.
num_vsnodes_deaths: 0.
num_space_committed: 1396.
num_space_uncommitted: 0.
num_chunks_returned_to_freelist: 6.
num_chunks_taken_from_freelist: 7351.
num_chunk_merges: 6.
num_chunk_splits: 4800.
num_chunks_enlarged: 2976.
num_inconsistent_stats: 0.

CodeHeap 'non-profiled nmethods': size=120000Kb used=4701Kb max_used=4701Kb free=115298Kb
 bounds [0x000001b80cb70000, 0x000001b80d010000, 0x000001b8140a0000]
CodeHeap 'profiled nmethods': size=120000Kb used=15371Kb max_used=15371Kb free=104628Kb
 bounds [0x000001b8050a0000, 0x000001b805fb0000, 0x000001b80c5d0000]
CodeHeap 'non-nmethods': size=5760Kb used=2796Kb max_used=2834Kb free=2963Kb
 bounds [0x000001b80c5d0000, 0x000001b80c8a0000, 0x000001b80cb70000]
 total_blobs=9250 nmethods=8320 adapters=834
 compilation: enabled
              stopped_count=0, restarted_count=0
 full_count=0

Compilation events (20 events):
Event: 111.385 Thread 0x000001b819833980 9680       3       org.objectweb.asm.ByteVector::put122 (93 bytes)
Event: 111.386 Thread 0x000001b819833980 nmethod 9680 0x000001b805f70810 code [0x000001b805f709c0, 0x000001b805f70c38]
Event: 111.386 Thread 0x000001b819833980 9681       3       org.objectweb.asm.Handler::getExceptionTableSize (10 bytes)
Event: 111.386 Thread 0x000001b819833980 nmethod 9681 0x000001b805f70e10 code [0x000001b805f70fc0, 0x000001b805f711b8]
Event: 111.387 Thread 0x000001b819833980 9682       3       org.gradle.internal.instantiation.generator.AbstractClassGenerator$ExtensibleTypePropertyHandler::applyTo (273 bytes)
Event: 111.388 Thread 0x000001b819833980 nmethod 9682 0x000001b805f71310 code [0x000001b805f716a0, 0x000001b805f72d38]
Event: 111.388 Thread 0x000001b819833980 9683       3       org.gradle.internal.instantiation.generator.AsmBackedClassGenerator$ClassBuilderImpl$LocalMethodVisitorScope::putServiceRegistryOnStack (56 bytes)
Event: 111.389 Thread 0x000001b819833980 nmethod 9683 0x000001b805f73410 code [0x000001b805f73680, 0x000001b805f74240]
Event: 111.392 Thread 0x000001b819833980 9684       3       kotlin.collections.SetsKt__SetsKt::emptySet (7 bytes)
Event: 111.392 Thread 0x000001b819833980 nmethod 9684 0x000001b805f74690 code [0x000001b805f74820, 0x000001b805f74918]
Event: 111.502 Thread 0x000001b819833980 9685       3       kotlin.collections.CollectionsKt__CollectionsKt::emptyList (7 bytes)
Event: 111.502 Thread 0x000001b819833980 nmethod 9685 0x000001b805f74990 code [0x000001b805f74b20, 0x000001b805f74c18]
Event: 111.502 Thread 0x000001b819833980 9686       1       com.android.build.gradle.internal.dsl.decorator.DslDecorator$ManagedProperty::getAccess (5 bytes)
Event: 111.502 Thread 0x000001b819833980 nmethod 9686 0x000001b80d005090 code [0x000001b80d005220, 0x000001b80d0052e8]
Event: 111.502 Thread 0x000001b819833980 9688       3       org.objectweb.asm.Frame::accept (264 bytes)
Event: 111.503 Thread 0x000001b819833980 nmethod 9688 0x000001b805f74c90 code [0x000001b805f74ec0, 0x000001b805f75760]
Event: 111.503 Thread 0x000001b819833980 9687       3       org.objectweb.asm.Type::getSort (19 bytes)
Event: 111.503 Thread 0x000001b819833980 nmethod 9687 0x000001b805f75b10 code [0x000001b805f75ca0, 0x000001b805f75df0]
Event: 111.503 Thread 0x000001b819833980 9689       3       org.objectweb.asm.Frame::pop (53 bytes)
Event: 111.503 Thread 0x000001b819833980 nmethod 9689 0x000001b805f75e90 code [0x000001b805f760e0, 0x000001b805f76838]

GC Heap History (20 events):
Event: 97.095 GC heap before
{Heap before GC invocations=33 (full 0):
 garbage-first heap   total 89088K, used 79388K [0x0000000080000000, 0x0000000100000000)
  region size 1024K, 29 young (29696K), 3 survivors (3072K)
 Metaspace       used 72104K, committed 73984K, reserved 1114112K
  class space    used 9726K, committed 10688K, reserved 1048576K
}
Event: 97.099 GC heap after
{Heap after GC invocations=34 (full 0):
 garbage-first heap   total 89088K, used 53347K [0x0000000080000000, 0x0000000100000000)
  region size 1024K, 3 young (3072K), 3 survivors (3072K)
 Metaspace       used 72104K, committed 73984K, reserved 1114112K
  class space    used 9726K, committed 10688K, reserved 1048576K
}
Event: 97.462 GC heap before
{Heap before GC invocations=34 (full 0):
 garbage-first heap   total 89088K, used 78947K [0x0000000080000000, 0x0000000100000000)
  region size 1024K, 29 young (29696K), 3 survivors (3072K)
 Metaspace       used 72110K, committed 73984K, reserved 1114112K
  class space    used 9727K, committed 10688K, reserved 1048576K
}
Event: 97.466 GC heap after
{Heap after GC invocations=35 (full 0):
 garbage-first heap   total 89088K, used 53098K [0x0000000080000000, 0x0000000100000000)
  region size 1024K, 3 young (3072K), 3 survivors (3072K)
 Metaspace       used 72110K, committed 73984K, reserved 1114112K
  class space    used 9727K, committed 10688K, reserved 1048576K
}
Event: 97.876 GC heap before
{Heap before GC invocations=35 (full 0):
 garbage-first heap   total 89088K, used 78698K [0x0000000080000000, 0x0000000100000000)
  region size 1024K, 29 young (29696K), 3 survivors (3072K)
 Metaspace       used 72349K, committed 74176K, reserved 1114112K
  class space    used 9761K, committed 10688K, reserved 1048576K
}
Event: 97.880 GC heap after
{Heap after GC invocations=36 (full 0):
 garbage-first heap   total 89088K, used 54921K [0x0000000080000000, 0x0000000100000000)
  region size 1024K, 4 young (4096K), 4 survivors (4096K)
 Metaspace       used 72349K, committed 74176K, reserved 1114112K
  class space    used 9761K, committed 10688K, reserved 1048576K
}
Event: 101.529 GC heap before
{Heap before GC invocations=37 (full 0):
 garbage-first heap   total 92160K, used 90761K [0x0000000080000000, 0x0000000100000000)
  region size 1024K, 27 young (27648K), 4 survivors (4096K)
 Metaspace       used 73091K, committed 74880K, reserved 1114112K
  class space    used 9840K, committed 10752K, reserved 1048576K
}
Event: 101.536 GC heap after
{Heap after GC invocations=38 (full 0):
 garbage-first heap   total 103424K, used 73922K [0x0000000080000000, 0x0000000100000000)
  region size 1024K, 4 young (4096K), 4 survivors (4096K)
 Metaspace       used 73091K, committed 74880K, reserved 1114112K
  class space    used 9840K, committed 10752K, reserved 1048576K
}
Event: 102.631 GC heap before
{Heap before GC invocations=38 (full 0):
 garbage-first heap   total 103424K, used 90306K [0x0000000080000000, 0x0000000100000000)
  region size 1024K, 20 young (20480K), 4 survivors (4096K)
 Metaspace       used 74323K, committed 76224K, reserved 1179648K
  class space    used 9985K, committed 10944K, reserved 1048576K
}
Event: 102.636 GC heap after
{Heap after GC invocations=39 (full 0):
 garbage-first heap   total 103424K, used 76278K [0x0000000080000000, 0x0000000100000000)
  region size 1024K, 2 young (2048K), 2 survivors (2048K)
 Metaspace       used 74323K, committed 76224K, reserved 1179648K
  class space    used 9985K, committed 10944K, reserved 1048576K
}
Event: 103.454 GC heap before
{Heap before GC invocations=39 (full 0):
 garbage-first heap   total 103424K, used 91638K [0x0000000080000000, 0x0000000100000000)
  region size 1024K, 18 young (18432K), 2 survivors (2048K)
 Metaspace       used 75749K, committed 77632K, reserved 1179648K
  class space    used 10178K, committed 11136K, reserved 1048576K
}
Event: 103.458 GC heap after
{Heap after GC invocations=40 (full 0):
 garbage-first heap   total 103424K, used 76646K [0x0000000080000000, 0x0000000100000000)
  region size 1024K, 3 young (3072K), 3 survivors (3072K)
 Metaspace       used 75749K, committed 77632K, reserved 1179648K
  class space    used 10178K, committed 11136K, reserved 1048576K
}
Event: 104.275 GC heap before
{Heap before GC invocations=41 (full 0):
 garbage-first heap   total 130048K, used 90982K [0x0000000080000000, 0x0000000100000000)
  region size 1024K, 18 young (18432K), 3 survivors (3072K)
 Metaspace       used 77375K, committed 79232K, reserved 1179648K
  class space    used 10324K, committed 11264K, reserved 1048576K
}
Event: 104.279 GC heap after
{Heap after GC invocations=42 (full 0):
 garbage-first heap   total 130048K, used 76900K [0x0000000080000000, 0x0000000100000000)
  region size 1024K, 1 young (1024K), 1 survivors (1024K)
 Metaspace       used 77375K, committed 79232K, reserved 1179648K
  class space    used 10324K, committed 11264K, reserved 1048576K
}
Event: 107.027 GC heap before
{Heap before GC invocations=42 (full 0):
 garbage-first heap   total 130048K, used 115812K [0x0000000080000000, 0x0000000100000000)
  region size 1024K, 40 young (40960K), 1 survivors (1024K)
 Metaspace       used 81897K, committed 83904K, reserved 1179648K
  class space    used 10867K, committed 11904K, reserved 1048576K
}
Event: 107.033 GC heap after
{Heap after GC invocations=43 (full 0):
 garbage-first heap   total 130048K, used 77875K [0x0000000080000000, 0x0000000100000000)
  region size 1024K, 3 young (3072K), 3 survivors (3072K)
 Metaspace       used 81897K, committed 83904K, reserved 1179648K
  class space    used 10867K, committed 11904K, reserved 1048576K
}
Event: 108.284 GC heap before
{Heap before GC invocations=43 (full 0):
 garbage-first heap   total 130048K, used 94259K [0x0000000080000000, 0x0000000100000000)
  region size 1024K, 20 young (20480K), 3 survivors (3072K)
 Metaspace       used 84171K, committed 86144K, reserved 1179648K
  class space    used 11169K, committed 12160K, reserved 1048576K
}
Event: 108.288 GC heap after
{Heap after GC invocations=44 (full 0):
 garbage-first heap   total 130048K, used 79968K [0x0000000080000000, 0x0000000100000000)
  region size 1024K, 5 young (5120K), 5 survivors (5120K)
 Metaspace       used 84171K, committed 86144K, reserved 1179648K
  class space    used 11169K, committed 12160K, reserved 1048576K
}
Event: 111.167 GC heap before
{Heap before GC invocations=45 (full 0):
 garbage-first heap   total 142336K, used 120928K [0x0000000080000000, 0x0000000100000000)
  region size 1024K, 40 young (40960K), 5 survivors (5120K)
 Metaspace       used 85984K, committed 88000K, reserved 1179648K
  class space    used 11425K, committed 12480K, reserved 1048576K
}
Event: 111.172 GC heap after
{Heap after GC invocations=46 (full 0):
 garbage-first heap   total 142336K, used 84135K [0x0000000080000000, 0x0000000100000000)
  region size 1024K, 5 young (5120K), 5 survivors (5120K)
 Metaspace       used 85984K, committed 88000K, reserved 1179648K
  class space    used 11425K, committed 12480K, reserved 1048576K
}

Dll operation events (3 events):
Event: 3.541 Loaded shared library C:\Program Files\Android\Android Studio1\jbr\bin\java.dll
Event: 4.517 Loaded shared library C:\Program Files\Android\Android Studio1\jbr\bin\zip.dll
Event: 26.557 Loaded shared library C:\Program Files\Android\Android Studio1\jbr\bin\verify.dll

Deoptimization events (20 events):
Event: 110.167 Thread 0x000001b81ec2a030 DEOPT PACKING pc=0x000001b805114981 sp=0x000000456eff5d90
Event: 110.167 Thread 0x000001b81ec2a030 DEOPT UNPACKING pc=0x000001b80c624e42 sp=0x000000456eff52a0 mode 0
Event: 110.476 Thread 0x000001b81ec2a030 Uncommon trap: trap_request=0xffffff45 fr.pc=0x000001b80cf51288 relative=0x0000000000002548
Event: 110.476 Thread 0x000001b81ec2a030 Uncommon trap: reason=unstable_if action=reinterpret pc=0x000001b80cf51288 method=java.util.regex.Pattern.has(I)Z @ 6 c2
Event: 110.476 Thread 0x000001b81ec2a030 DEOPT PACKING pc=0x000001b80cf51288 sp=0x000000456eff5e90
Event: 110.476 Thread 0x000001b81ec2a030 DEOPT UNPACKING pc=0x000001b80c6246a2 sp=0x000000456eff5e10 mode 2
Event: 110.476 Thread 0x000001b81ec2a030 Uncommon trap: trap_request=0xffffff45 fr.pc=0x000001b80cba8008 relative=0x0000000000000068
Event: 110.476 Thread 0x000001b81ec2a030 Uncommon trap: reason=unstable_if action=reinterpret pc=0x000001b80cba8008 method=java.util.regex.Pattern.has(I)Z @ 6 c2
Event: 110.476 Thread 0x000001b81ec2a030 DEOPT PACKING pc=0x000001b80cba8008 sp=0x000000456eff5e80
Event: 110.476 Thread 0x000001b81ec2a030 DEOPT UNPACKING pc=0x000001b80c6246a2 sp=0x000000456eff5e10 mode 2
Event: 110.585 Thread 0x000001b81ec2a030 Uncommon trap: trap_request=0xffffffc6 fr.pc=0x000001b80cee1ac8 relative=0x0000000000000068
Event: 110.585 Thread 0x000001b81ec2a030 Uncommon trap: reason=bimorphic_or_optimized_type_check action=maybe_recompile pc=0x000001b80cee1ac8 method=java.util.AbstractQueue.add(Ljava/lang/Object;)Z @ 2 c2
Event: 110.585 Thread 0x000001b81ec2a030 DEOPT PACKING pc=0x000001b80cee1ac8 sp=0x000000456eff7070
Event: 110.585 Thread 0x000001b81ec2a030 DEOPT UNPACKING pc=0x000001b80c6246a2 sp=0x000000456eff7038 mode 2
Event: 110.585 Thread 0x000001b81ec2a030 Uncommon trap: trap_request=0xffffffc6 fr.pc=0x000001b80cee1ac8 relative=0x0000000000000068
Event: 110.585 Thread 0x000001b81ec2a030 Uncommon trap: reason=bimorphic_or_optimized_type_check action=maybe_recompile pc=0x000001b80cee1ac8 method=java.util.AbstractQueue.add(Ljava/lang/Object;)Z @ 2 c2
Event: 110.585 Thread 0x000001b81ec2a030 DEOPT PACKING pc=0x000001b80cee1ac8 sp=0x000000456eff7070
Event: 110.585 Thread 0x000001b81ec2a030 DEOPT UNPACKING pc=0x000001b80c6246a2 sp=0x000000456eff7038 mode 2
Event: 111.337 Thread 0x000001b81ec2a030 DEOPT PACKING pc=0x000001b805a08cfe sp=0x000000456eff68a0
Event: 111.337 Thread 0x000001b81ec2a030 DEOPT UNPACKING pc=0x000001b80c624e42 sp=0x000000456eff5e60 mode 0

Classes loaded (20 events):
Event: 108.190 Loading class sun/security/util/Length
Event: 108.190 Loading class sun/security/util/Length done
Event: 108.190 Loading class javax/crypto/SecretKey
Event: 108.203 Loading class javax/crypto/SecretKey done
Event: 108.203 Loading class java/util/Base64
Event: 108.204 Loading class java/util/Base64 done
Event: 108.204 Loading class java/util/Base64$Decoder
Event: 108.206 Loading class java/util/Base64$Decoder done
Event: 108.206 Loading class java/util/Base64$Encoder
Event: 108.206 Loading class java/util/Base64$Encoder done
Event: 108.208 Loading class java/util/jar/JarVerifier$VerifierStream
Event: 108.209 Loading class java/util/jar/JarVerifier$VerifierStream done
Event: 108.209 Loading class sun/security/util/ManifestEntryVerifier$SunProviderHolder
Event: 108.209 Loading class sun/security/util/ManifestEntryVerifier$SunProviderHolder done
Event: 110.499 Loading class sun/reflect/annotation/AnnotationInvocationHandler$1
Event: 110.499 Loading class sun/reflect/annotation/AnnotationInvocationHandler$1 done
Event: 110.540 Loading class java/lang/foreign/ValueLayout
Event: 110.556 Loading class java/lang/foreign/MemoryLayout
Event: 110.581 Loading class java/lang/foreign/MemoryLayout done
Event: 110.581 Loading class java/lang/foreign/ValueLayout done

Classes unloaded (0 events):
No events

Classes redefined (0 events):
No events

Internal exceptions (20 events):
Event: 97.892 Thread 0x000001b81ec2a030 Exception <a 'java/lang/ClassNotFoundException'{0x00000000fff92f70}: org/gradle/api/internal/DefaultNamedDomainObjectSetCustomizer> (0x00000000fff92f70) 
thrown [s\src\hotspot\share\classfile\systemDictionary.cpp, line 312]
Event: 97.897 Thread 0x000001b81ec2a030 Exception <a 'java/lang/ClassNotFoundException'{0x00000000fffcd520}: org/gradle/api/internal/tasks/DefaultTaskCollectionCustomizer> (0x00000000fffcd520) 
thrown [s\src\hotspot\share\classfile\systemDictionary.cpp, line 312]
Event: 97.901 Thread 0x000001b81ec2a030 Exception <a 'java/lang/ClassNotFoundException'{0x000000008732c6a0}: org/gradle/api/internal/tasks/DefaultTaskCollection_DecoratedCustomizer> (0x000000008732c6a0) 
thrown [s\src\hotspot\share\classfile\systemDictionary.cpp, line 312]
Event: 97.918 Thread 0x000001b81ec2a030 Exception <a 'java/lang/NoSuchMethodError'{0x00000000873d6790}: 'long java.lang.invoke.DirectMethodHandle$Holder.invokeVirtual(java.lang.Object, java.lang.Object)'> (0x00000000873d6790) 
thrown [s\src\hotspot\share\interpreter\linkResolver.cpp, line 784]
Event: 97.926 Thread 0x000001b81ed94330 Exception <a 'java/lang/NoSuchMethodError'{0x0000000085709448}: static Lorg/gradle/internal/build/event/types/DefaultOperationFinishedProgressEvent;.<clinit>()V> (0x0000000085709448) 
thrown [s\src\hotspot\share\prims\jni.cpp, line 1139]
Event: 97.931 Thread 0x000001b81ed94330 Exception <a 'java/lang/NoSuchMethodError'{0x000000008574d548}: static Lorg/gradle/internal/build/event/types/DefaultProjectConfigurationSuccessResult;.<clinit>()V> (0x000000008574d548) 
thrown [s\src\hotspot\share\prims\jni.cpp, line 1139]
Event: 97.931 Thread 0x000001b81ed94330 Exception <a 'java/lang/NoSuchMethodError'{0x000000008574eb68}: static Lorg/gradle/internal/build/event/types/AbstractProjectConfigurationResult;.<clinit>()V> (0x000000008574eb68) 
thrown [s\src\hotspot\share\prims\jni.cpp, line 1139]
Event: 97.931 Thread 0x000001b81ed94330 Exception <a 'java/lang/NoSuchMethodError'{0x0000000085750418}: static Lorg/gradle/internal/build/event/types/AbstractOperationResult;.<clinit>()V> (0x0000000085750418) 
thrown [s\src\hotspot\share\prims\jni.cpp, line 1139]
Event: 97.931 Thread 0x000001b81ed94330 Exception <a 'java/lang/NoSuchMethodError'{0x00000000857518d8}: static Lorg/gradle/internal/build/event/types/AbstractResult;.<clinit>()V> (0x00000000857518d8) 
thrown [s\src\hotspot\share\prims\jni.cpp, line 1139]
Event: 97.935 Thread 0x000001b81ed94330 Exception <a 'java/lang/NoSuchMethodError'{0x000000008576c440}: static Lorg/gradle/internal/build/event/types/DefaultPluginApplicationResult;.<clinit>()V> (0x000000008576c440) 
thrown [s\src\hotspot\share\prims\jni.cpp, line 1139]
Event: 97.936 Thread 0x000001b81ed94330 Exception <a 'java/lang/NoSuchMethodError'{0x00000000857792c0}: static Lorg/gradle/internal/build/event/types/DefaultBinaryPluginIdentifier;.<clinit>()V> (0x00000000857792c0) 
thrown [s\src\hotspot\share\prims\jni.cpp, line 1139]
Event: 97.947 Thread 0x000001b81ed94330 Exception <a 'java/lang/NoSuchMethodError'{0x00000000857ac928}: static Lorg/gradle/internal/build/event/types/DefaultScriptPluginIdentifier;.<clinit>()V> (0x00000000857ac928) 
thrown [s\src\hotspot\share\prims\jni.cpp, line 1139]
Event: 98.056 Thread 0x000001b81ec2a030 Implicit null exception at 0x000001b80ce6eadd to 0x000001b80ce6ef68
Event: 101.159 Thread 0x000001b81ec2a030 Exception <a 'java/lang/ClassNotFoundException'{0x00000000849b83f8}: org/gradle/api/internal/plugins/DefaultObjectConfigurationActionBeanInfo> (0x00000000849b83f8) 
thrown [s\src\hotspot\share\classfile\systemDictionary.cpp, line 312]
Event: 101.161 Thread 0x000001b81ec2a030 Exception <a 'java/lang/ClassNotFoundException'{0x00000000849cc0b0}: org/gradle/api/internal/plugins/DefaultObjectConfigurationActionCustomizer> (0x00000000849cc0b0) 
thrown [s\src\hotspot\share\classfile\systemDictionary.cpp, line 312]
Event: 103.528 Thread 0x000001b81ec2a030 Exception <a 'java/lang/NoSuchMethodError'{0x00000000fffe02b0}: 'int java.lang.invoke.DirectMethodHandle$Holder.invokeSpecialIFC(java.lang.Object, java.lang.Object, java.lang.Object, java.lang.Object, java.lang.Object)'> (0x00000000fffe02b0) 
thrown [s\src\hotspot\share\interpreter\linkResolver.cpp, line 784]
Event: 106.979 Thread 0x000001b81ec2a030 Exception <a 'java/lang/NoSuchMethodError'{0x00000000850084a8}: 'java.lang.Object java.lang.invoke.DirectMethodHandle$Holder.newInvokeSpecial(java.lang.Object, java.lang.Object, java.lang.Object, java.lang.Object, java.lang.Object, java.lang.Object, java.lang.Object, java.lang.Object, java.lang.Object, java.lang.Object, java.lang.Object, java.lang.Object, java.lang.Object, java.lang.Object, java.lang.Object, java.lang.Object)'> (0x00000000850084a8) 
thrown [s\src\hotspot\share\interpreter\linkResolver.cpp,
Event: 106.980 Thread 0x000001b81ec2a030 Exception <a 'java/lang/NoSuchMethodError'{0x000000008500f110}: 'java.lang.Object java.lang.invoke.DirectMethodHandle$Holder.invokeSpecial(java.lang.Object, java.lang.Object, java.lang.Object, java.lang.Object, java.lang.Object, java.lang.Object, java.lang.Object, java.lang.Object, java.lang.Object, java.lang.Object, java.lang.Object, java.lang.Object, java.lang.Object, java.lang.Object, java.lang.Object, java.lang.Object, java.lang.Object)'> (0x000000008500f110) 
thrown [s\src\hotspot\share\interpreter\li
Event: 106.981 Thread 0x000001b81ec2a030 Exception <a 'java/lang/NoSuchMethodError'{0x0000000085014cf0}: 'java.lang.Object java.lang.invoke.DelegatingMethodHandle$Holder.reinvoke_L(java.lang.Object, java.lang.Object, java.lang.Object, java.lang.Object, java.lang.Object, java.lang.Object, java.lang.Object, java.lang.Object, java.lang.Object, java.lang.Object, java.lang.Object, java.lang.Object, java.lang.Object, java.lang.Object, java.lang.Object, java.lang.Object)'> (0x0000000085014cf0) 
thrown [s\src\hotspot\share\interpreter\linkResolver.cpp, l
Event: 107.173 Thread 0x000001b81ec2a030 Exception <a 'java/lang/NoSuchMethodError'{0x0000000087597fd8}: 'void java.lang.invoke.DirectMethodHandle$Holder.invokeVirtual(java.lang.Object, java.lang.Object)'> (0x0000000087597fd8) 
thrown [s\src\hotspot\share\interpreter\linkResolver.cpp, line 784]

ZGC Phase Switch (0 events):
No events

VM Operations (20 events):
Event: 108.021 Executing VM operation: HandshakeAllThreads (Deoptimize) done
Event: 108.133 Executing VM operation: HandshakeAllThreads (Deoptimize)
Event: 108.134 Executing VM operation: HandshakeAllThreads (Deoptimize) done
Event: 108.134 Executing VM operation: Cleanup
Event: 108.134 Executing VM operation: Cleanup done
Event: 108.136 Executing VM operation: HandshakeAllThreads (Deoptimize)
Event: 108.136 Executing VM operation: HandshakeAllThreads (Deoptimize) done
Event: 108.283 Executing VM operation: G1TryInitiateConcMark (G1 Humongous Allocation)
Event: 108.288 Executing VM operation: G1TryInitiateConcMark (G1 Humongous Allocation) done
Event: 108.348 Executing VM operation: G1PauseRemark
Event: 108.427 Executing VM operation: G1PauseRemark done
Event: 108.447 Executing VM operation: G1PauseCleanup
Event: 108.447 Executing VM operation: G1PauseCleanup done
Event: 109.454 Executing VM operation: Cleanup
Event: 110.002 Executing VM operation: Cleanup done
Event: 111.004 Executing VM operation: Cleanup
Event: 111.019 Executing VM operation: Cleanup done
Event: 111.167 Executing VM operation: G1CollectForAllocation (G1 Evacuation Pause)
Event: 111.172 Executing VM operation: G1CollectForAllocation (G1 Evacuation Pause) done
Event: 112.185 Executing VM operation: Cleanup

Memory protections (0 events):
No events

Nmethod flushes (20 events):
Event: 108.425 Thread 0x000001b81964df80 flushing  nmethod 0x000001b80511e790
Event: 108.425 Thread 0x000001b81964df80 flushing  nmethod 0x000001b8051b0890
Event: 108.425 Thread 0x000001b81964df80 flushing  nmethod 0x000001b80536aa10
Event: 108.425 Thread 0x000001b81964df80 flushing  nmethod 0x000001b8053b2110
Event: 108.425 Thread 0x000001b81964df80 flushing  nmethod 0x000001b805669110
Event: 108.425 Thread 0x000001b81964df80 flushing  nmethod 0x000001b8058cb590
Event: 108.425 Thread 0x000001b81964df80 flushing  nmethod 0x000001b8058cbc10
Event: 108.425 Thread 0x000001b81964df80 flushing  nmethod 0x000001b8058ce410
Event: 108.425 Thread 0x000001b81964df80 flushing  nmethod 0x000001b8058cf210
Event: 108.425 Thread 0x000001b81964df80 flushing  nmethod 0x000001b8058cfe10
Event: 108.425 Thread 0x000001b81964df80 flushing  nmethod 0x000001b805a3ce90
Event: 108.425 Thread 0x000001b81964df80 flushing  nmethod 0x000001b805aeca90
Event: 108.425 Thread 0x000001b81964df80 flushing  nmethod 0x000001b805c0e290
Event: 108.425 Thread 0x000001b81964df80 flushing  nmethod 0x000001b805c61190
Event: 108.425 Thread 0x000001b81964df80 flushing  nmethod 0x000001b805e3e290
Event: 108.425 Thread 0x000001b81964df80 flushing  nmethod 0x000001b8056acb10
Event: 108.425 Thread 0x000001b81964df80 flushing  nmethod 0x000001b8056aee90
Event: 108.425 Thread 0x000001b81964df80 flushing  nmethod 0x000001b8058b2710
Event: 108.425 Thread 0x000001b81964df80 flushing  nmethod 0x000001b80598d310
Event: 108.425 Thread 0x000001b81964df80 flushing  nmethod 0x000001b805ad6790

Events (20 events):
Event: 94.601 Thread 0x000001b81ec2a030 Thread added: 0x000001b8218ee340
Event: 94.601 Thread 0x000001b81ec2a030 Thread added: 0x000001b8218ef060
Event: 94.601 Thread 0x000001b81ec2a030 Thread added: 0x000001b8218ecf90
Event: 94.602 Thread 0x000001b81ec2a030 Thread added: 0x000001b8218ec270
Event: 94.812 Thread 0x000001b81ec2a030 Thread added: 0x000001b8218ed620
Event: 94.816 Thread 0x000001b81ec2a030 Thread added: 0x000001b8218ec900
Event: 94.832 Thread 0x000001b81ec2a030 Thread added: 0x000001b821ac6dd0
Event: 94.835 Thread 0x000001b81ec2a030 Thread added: 0x000001b821ac8180
Event: 94.843 Thread 0x000001b81ec2a030 Thread added: 0x000001b821ac8810
Event: 94.846 Thread 0x000001b81ec2a030 Thread added: 0x000001b821ac5390
Event: 94.849 Thread 0x000001b81ec2a030 Thread added: 0x000001b821ac8ea0
Event: 95.481 Thread 0x000001b81ec2a030 Thread added: 0x000001b821ac7460
Event: 95.482 Thread 0x000001b81ec2a030 Thread added: 0x000001b821ac5a20
Event: 95.483 Thread 0x000001b81ec2a030 Thread added: 0x000001b821ac60b0
Event: 95.484 Thread 0x000001b81ec2a030 Thread added: 0x000001b821ac7af0
Event: 95.485 Thread 0x000001b81ec2a030 Thread added: 0x000001b821ac9530
Event: 95.486 Thread 0x000001b81ec2a030 Thread added: 0x000001b821ac9bc0
Event: 95.487 Thread 0x000001b81ec2a030 Thread added: 0x000001b821ac6740
Event: 104.695 Thread 0x000001b81ec2a030 Thread added: 0x000001b821aca8e0
Event: 107.113 Thread 0x000001b81ec2a030 Thread added: 0x000001b821acb600


Dynamic libraries:
0x00007ff7c26b0000 - 0x00007ff7c26ba000 	C:\Program Files\Android\Android Studio1\jbr\bin\java.exe
0x00007ff9c51a0000 - 0x00007ff9c5408000 	C:\windows\SYSTEM32\ntdll.dll
0x00007ff9c4780000 - 0x00007ff9c4849000 	C:\windows\System32\KERNEL32.DLL
0x00007ff9c24a0000 - 0x00007ff9c2892000 	C:\windows\System32\KERNELBASE.dll
0x00007ff991900000 - 0x00007ff991918000 	C:\Program Files\Android\Android Studio1\jbr\bin\jli.dll
0x00007ff9c2ac0000 - 0x00007ff9c2c0b000 	C:\windows\System32\ucrtbase.dll
0x00007ff9b76e0000 - 0x00007ff9b76fb000 	C:\Program Files\Android\Android Studio1\jbr\bin\VCRUNTIME140.dll
0x00007ff9c45b0000 - 0x00007ff9c4775000 	C:\windows\System32\USER32.dll
0x00007ff9c2e90000 - 0x00007ff9c2eb7000 	C:\windows\System32\win32u.dll
0x00007ff9c3c10000 - 0x00007ff9c3c3b000 	C:\windows\System32\GDI32.dll
0x00007ff9c2cd0000 - 0x00007ff9c2dfd000 	C:\windows\System32\gdi32full.dll
0x00007ff9c2ec0000 - 0x00007ff9c2f63000 	C:\windows\System32\msvcp_win.dll
0x00007ff9a5930000 - 0x00007ff9a5bc3000 	C:\windows\WinSxS\amd64_microsoft.windows.common-controls_6595b64144ccf1df_6.0.26100.6725_none_3e085828e334708b\COMCTL32.dll
0x00007ff9c3a00000 - 0x00007ff9c3aa9000 	C:\windows\System32\msvcrt.dll
0x00007ff9c50a0000 - 0x00007ff9c50cf000 	C:\windows\System32\IMM32.DLL
0x00007ff9b7460000 - 0x00007ff9b746c000 	C:\Program Files\Android\Android Studio1\jbr\bin\vcruntime140_1.dll
0x00007ff975bf0000 - 0x00007ff975c7d000 	C:\Program Files\Android\Android Studio1\jbr\bin\msvcp140.dll
0x00007ff8c7500000 - 0x00007ff8c818b000 	C:\Program Files\Android\Android Studio1\jbr\bin\server\jvm.dll
0x00007ff9c4a30000 - 0x00007ff9c4ae4000 	C:\windows\System32\ADVAPI32.dll
0x00007ff9c3c40000 - 0x00007ff9c3ce6000 	C:\windows\System32\sechost.dll
0x00007ff9c2f70000 - 0x00007ff9c3088000 	C:\windows\System32\RPCRT4.dll
0x00007ff9c3170000 - 0x00007ff9c31e4000 	C:\windows\System32\WS2_32.dll
0x00007ff9b41e0000 - 0x00007ff9b41eb000 	C:\windows\SYSTEM32\VERSION.dll
0x00007ff9c2190000 - 0x00007ff9c21ee000 	C:\windows\SYSTEM32\POWRPROF.dll
0x00007ff9b7c30000 - 0x00007ff9b7c65000 	C:\windows\SYSTEM32\WINMM.dll
0x00007ff9c2170000 - 0x00007ff9c2184000 	C:\windows\SYSTEM32\UMPDC.dll
0x00007ff9c1100000 - 0x00007ff9c111b000 	C:\windows\SYSTEM32\kernel.appcore.dll
0x00007ff9b7420000 - 0x00007ff9b742a000 	C:\Program Files\Android\Android Studio1\jbr\bin\jimage.dll
0x00007ff9b47b0000 - 0x00007ff9b49f2000 	C:\windows\SYSTEM32\DBGHELP.DLL
0x00007ff9c3680000 - 0x00007ff9c39fb000 	C:\windows\System32\combase.dll
0x00007ff9c3090000 - 0x00007ff9c3167000 	C:\windows\System32\OLEAUT32.dll
0x00007ff9969b0000 - 0x00007ff9969ec000 	C:\windows\SYSTEM32\dbgcore.DLL
0x00007ff9c28a0000 - 0x00007ff9c2938000 	C:\windows\System32\bcryptPrimitives.dll
0x00007ff995750000 - 0x00007ff99575e000 	C:\Program Files\Android\Android Studio1\jbr\bin\instrument.dll
0x00007ff9b73c0000 - 0x00007ff9b73e0000 	C:\Program Files\Android\Android Studio1\jbr\bin\java.dll
0x00007ff9b7330000 - 0x00007ff9b7348000 	C:\Program Files\Android\Android Studio1\jbr\bin\zip.dll
0x00007ff9c3e50000 - 0x00007ff9c459c000 	C:\windows\System32\SHELL32.dll
0x00007ff9c2330000 - 0x00007ff9c249b000 	C:\windows\System32\wintypes.dll
0x00007ff9bff80000 - 0x00007ff9c07dd000 	C:\windows\SYSTEM32\windows.storage.dll
0x00007ff9c4c20000 - 0x00007ff9c4d12000 	C:\windows\System32\SHCORE.dll
0x00007ff9c4f20000 - 0x00007ff9c4f82000 	C:\windows\System32\shlwapi.dll
0x00007ff9c2250000 - 0x00007ff9c2279000 	C:\windows\SYSTEM32\profapi.dll
0x00007ff9b7320000 - 0x00007ff9b7330000 	C:\Program Files\Android\Android Studio1\jbr\bin\net.dll
0x00007ff9b75a0000 - 0x00007ff9b76bf000 	C:\windows\SYSTEM32\WINHTTP.dll
0x00007ff9c1670000 - 0x00007ff9c16db000 	C:\windows\system32\mswsock.dll
0x00007ff9b7300000 - 0x00007ff9b7316000 	C:\Program Files\Android\Android Studio1\jbr\bin\nio.dll
0x00007ff9b7440000 - 0x00007ff9b7450000 	C:\Program Files\Android\Android Studio1\jbr\bin\verify.dll
0x00007ff9a8150000 - 0x00007ff9a8177000 	C:\Users\Srinithi\.gradle\native\1def1411415f61bf3af743bc5b6707747c0891f09f0c88961ee8f79bc544acac\windows-amd64\native-platform.dll
0x00007ff983710000 - 0x00007ff983788000 	C:\Users\Srinithi\.gradle\native\0.2.7\x86_64-windows-gnu\gradle-fileevents.dll
0x00007ff97fe30000 - 0x00007ff97fe39000 	C:\Program Files\Android\Android Studio1\jbr\bin\management.dll
0x00007ff97fdc0000 - 0x00007ff97fdcb000 	C:\Program Files\Android\Android Studio1\jbr\bin\management_ext.dll
0x00007ff9c3cf0000 - 0x00007ff9c3cf8000 	C:\windows\System32\PSAPI.DLL
0x00007ff9c0b00000 - 0x00007ff9c0b34000 	C:\windows\SYSTEM32\IPHLPAPI.DLL
0x00007ff9c5090000 - 0x00007ff9c509a000 	C:\windows\System32\NSI.dll
0x00007ff981fe0000 - 0x00007ff981fe9000 	C:\Program Files\Android\Android Studio1\jbr\bin\extnet.dll
0x00007ff9c1920000 - 0x00007ff9c193b000 	C:\windows\SYSTEM32\CRYPTSP.dll
0x00007ff9c1060000 - 0x00007ff9c109b000 	C:\windows\system32\rsaenh.dll
0x00007ff9c1710000 - 0x00007ff9c173b000 	C:\windows\SYSTEM32\USERENV.dll
0x00007ff9c2220000 - 0x00007ff9c2246000 	C:\windows\SYSTEM32\bcrypt.dll
0x00007ff9c1940000 - 0x00007ff9c194c000 	C:\windows\SYSTEM32\CRYPTBASE.dll
0x00007ff97c750000 - 0x00007ff97c758000 	C:\windows\system32\wshunix.dll

dbghelp: loaded successfully - version: 4.0.5 - missing functions: none
symbol engine: initialized successfully - sym options: 0x614 - pdb path: .;C:\Program Files\Android\Android Studio1\jbr\bin;C:\windows\SYSTEM32;C:\windows\WinSxS\amd64_microsoft.windows.common-controls_6595b64144ccf1df_6.0.26100.6725_none_3e085828e334708b;C:\Program Files\Android\Android Studio1\jbr\bin\server;C:\Users\Srinithi\.gradle\native\1def1411415f61bf3af743bc5b6707747c0891f09f0c88961ee8f79bc544acac\windows-amd64;C:\Users\Srinithi\.gradle\native\0.2.7\x86_64-windows-gnu

VM Arguments:
jvm_args: --add-opens=java.base/java.lang=ALL-UNNAMED --add-opens=java.base/java.lang.invoke=ALL-UNNAMED --add-opens=java.base/java.util=ALL-UNNAMED --add-opens=java.prefs/java.util.prefs=ALL-UNNAMED --add-exports=jdk.compiler/com.sun.tools.javac.api=ALL-UNNAMED --add-exports=jdk.compiler/com.sun.tools.javac.util=ALL-UNNAMED --add-opens=java.base/java.util=ALL-UNNAMED --add-opens=java.prefs/java.util.prefs=ALL-UNNAMED --add-opens=java.base/java.nio.charset=ALL-UNNAMED --add-opens=java.base/java.net=ALL-UNNAMED --add-opens=java.base/java.util.concurrent.atomic=ALL-UNNAMED --add-opens=java.xml/javax.xml.namespace=ALL-UNNAMED -Xmx2048m -Dfile.encoding=UTF-8 -Duser.country=IN -Duser.language=en -Duser.variant -javaagent:C:\Users\Srinithi\.gradle\wrapper\dists\gradle-8.13-bin\5xuhj0ry160q40clulazy9h7d\gradle-8.13\lib\agents\gradle-instrumentation-agent-8.13.jar 
java_command: org.gradle.launcher.daemon.bootstrap.GradleDaemon 8.13
java_class_path (initial): C:\Users\Srinithi\.gradle\wrapper\dists\gradle-8.13-bin\5xuhj0ry160q40clulazy9h7d\gradle-8.13\lib\gradle-daemon-main-8.13.jar
Launcher Type: SUN_STANDARD

[Global flags]
     intx CICompilerCount                          = 4                                         {product} {ergonomic}
     uint ConcGCThreads                            = 2                                         {product} {ergonomic}
     uint G1ConcRefinementThreads                  = 8                                         {product} {ergonomic}
   size_t G1HeapRegionSize                         = 1048576                                   {product} {ergonomic}
    uintx GCDrainStackTargetSize                   = 64                                        {product} {ergonomic}
   size_t InitialHeapSize                          = 121634816                                 {product} {ergonomic}
   size_t MarkStackSize                            = 4194304                                   {product} {ergonomic}
   size_t MaxHeapSize                              = 2147483648                                {product} {command line}
   size_t MaxNewSize                               = 1287651328                                {product} {ergonomic}
   size_t MinHeapDeltaBytes                        = 1048576                                   {product} {ergonomic}
   size_t MinHeapSize                              = 8388608                                   {product} {ergonomic}
    uintx NonNMethodCodeHeapSize                   = 5839372                                {pd product} {ergonomic}
    uintx NonProfiledCodeHeapSize                  = 122909434                              {pd product} {ergonomic}
    uintx ProfiledCodeHeapSize                     = 122909434                              {pd product} {ergonomic}
    uintx ReservedCodeCacheSize                    = 251658240                              {pd product} {ergonomic}
     bool SegmentedCodeCache                       = true                                      {product} {ergonomic}
   size_t SoftMaxHeapSize                          = 2147483648                             {manageable} {ergonomic}
     bool UseCompressedOops                        = true                           {product lp64_product} {ergonomic}
     bool UseG1GC                                  = true                                      {product} {ergonomic}
     bool UseLargePagesIndividualAllocation        = false                                  {pd product} {ergonomic}

Logging:
Log output configuration:
 #0: stdout all=warning uptime,level,tags foldmultilines=false
 #1: stderr all=off uptime,level,tags foldmultilines=false

Environment Variables:
PATH=C:\Program Files\Common Files\Oracle\Java\javapath;C:\Program Files\Python313\Scripts\;C:\Program Files\Python313\;C:\windows\system32;C:\windows;C:\windows\System32\Wbem;C:\windows\System32\WindowsPowerShell\v1.0\;C:\windows\System32\OpenSSH\;C:\Program Files\HP\HP One Agent;C:\Program Files\Go\bin;C:\Program Files\nodejs\;C:\Git\cmd;C:\Program Files\MySQL\MySQL Shell 8.0\bin\;C:\Users\Srinithi\AppData\Local\Microsoft\WindowsApps;C:\Users\Srinithi\AppData\Local\Programs\Microsoft VS Code\bin;C:\Users\Srinithi\go\bin;C:\Users\Srinithi\AppData\Roaming\npm;C:\Users\Srinithi\Downloads\Git-2.49.0-64-bit.exe;C:\Users\Srinithi\AppData\Local\Programs\cursor\resources\app\bin
USERNAME=Srinithi
OS=Windows_NT
PROCESSOR_IDENTIFIER=AMD64 Family 23 Model 160 Stepping 0, AuthenticAMD
TMP=C:\Users\Srinithi\AppData\Local\Temp
TEMP=C:\Users\Srinithi\AppData\Local\Temp




Periodic native trim disabled

JNI global refs:
JNI global refs: 28, weak refs: 6

JNI global refs memory usage: 835, weak refs: 833

Process memory usage:
Resident Set Size: 312492K (4% of 7590704K total physical memory with 302004K free physical memory)

OOME stack traces (most recent first):
Classloader memory used:
Loader org.gradle.internal.classloader.VisitableURLClassLoader                         : 38045K
Loader bootstrap                                                                       : 25627K
Loader org.gradle.initialization.MixInLegacyTypesClassLoader                           : 11734K
Loader org.gradle.internal.classloader.VisitableURLClassLoader$InstrumentingVisitableURLClassLoader: 10759K
Loader jdk.internal.loader.ClassLoaders$PlatformClassLoader                            : 512K
Loader jdk.internal.loader.ClassLoaders$AppClassLoader                                 : 235K
Loader jdk.internal.reflect.DelegatingClassLoader                                      : 177K
Loader org.gradle.internal.classloader.VisitableURLClassLoader                         : 128K
Loader org.gradle.groovy.scripts.internal.DefaultScriptCompilationHandler$ScriptClassLoader: 122K
Loader org.codehaus.groovy.runtime.callsite.CallSiteClassLoader                        : 17040B

Classes loaded by more than one classloader:
Class Program                                                                         : loaded 4 times (x 70B)
Class com.google.common.base.Equivalence$Identity                                     : loaded 2 times (x 78B)
Class com.google.common.collect.RegularImmutableMap$KeySet                            : loaded 2 times (x 148B)
Class org.gradle.internal.classloader.FilteringClassLoader                            : loaded 2 times (x 101B)
Class com.google.common.base.CharMatcher$IsEither                                     : loaded 2 times (x 107B)
Class org.gradle.internal.classloader.ClassLoaderHierarchy                            : loaded 2 times (x 66B)
Class com.google.common.collect.ImmutableEnumSet                                      : loaded 2 times (x 142B)
Class com.google.common.util.concurrent.ExecutionError                                : loaded 2 times (x 78B)
Class com.google.common.collect.ImmutableList$1                                       : loaded 2 times (x 93B)
Class org.gradle.api.internal.classpath.ManifestUtil                                  : loaded 2 times (x 67B)
Class com.google.common.collect.RegularImmutableMap                                   : loaded 2 times (x 117B)
Class com.google.common.collect.ImmutableMap$MapViewOfValuesAsSingletonSets           : loaded 2 times (x 122B)
Class [Lorg.objectweb.asm.Symbol;                                                     : loaded 2 times (x 65B)
Class org.objectweb.asm.ClassVisitor                                                  : loaded 2 times (x 84B)
Class com.google.common.collect.UnmodifiableListIterator                              : loaded 2 times (x 91B)
Class org.objectweb.asm.MethodTooLargeException                                       : loaded 2 times (x 79B)
Class [Lcom.google.common.cache.CacheBuilder$OneWeigher;                              : loaded 2 times (x 65B)
Class com.google.common.base.Suppliers                                                : loaded 2 times (x 67B)
Class org.gradle.internal.classloader.DefaultClassLoaderFactory                       : loaded 2 times (x 78B)
Class org.gradle.internal.classloader.ClassLoaderVisitor                              : loaded 2 times (x 72B)
Class [Lcom.google.common.collect.ImmutableMapEntry;                                  : loaded 2 times (x 65B)
Class org.gradle.api.internal.classpath.EffectiveClassPath                            : loaded 2 times (x 86B)
Class com.google.common.collect.ListMultimap                                          : loaded 2 times (x 66B)
Class com.google.common.collect.ImmutableEnumMap                                      : loaded 2 times (x 122B)
Class com.google.common.collect.Sets$1                                                : loaded 2 times (x 135B)
Class org.objectweb.asm.AnnotationVisitor                                             : loaded 2 times (x 74B)
Class org.gradle.api.internal.DefaultClassPathProvider                                : loaded 2 times (x 72B)
Class com.google.common.collect.Sets$2                                                : loaded 2 times (x 135B)
Class [Lorg.gradle.api.internal.ClassPathProvider;                                    : loaded 2 times (x 65B)
Class org.gradle.api.internal.ClassPathProvider                                       : loaded 2 times (x 66B)
Class com.google.common.collect.Sets$3                                                : loaded 2 times (x 135B)
Class com.google.common.util.concurrent.AbstractFuture$SafeAtomicHelper               : loaded 2 times (x 75B)
Class com.google.common.cache.LocalCache$LocalLoadingCache                            : loaded 2 times (x 130B)
Class org.gradle.internal.service.UnknownServiceException                             : loaded 2 times (x 79B)
Class com.google.common.collect.Sets$4                                                : loaded 2 times (x 135B)
Class org.objectweb.asm.ModuleVisitor                                                 : loaded 2 times (x 77B)
Class com.google.common.cache.LocalCache$Strength$1                                   : loaded 2 times (x 77B)
Class com.google.common.util.concurrent.SettableFuture                                : loaded 2 times (x 110B)
Class com.google.common.cache.LocalCache$Strength$2                                   : loaded 2 times (x 77B)
Class com.google.common.cache.LocalCache$Strength$3                                   : loaded 2 times (x 77B)
Class com.google.common.collect.MapDifference                                         : loaded 2 times (x 66B)
Class org.objectweb.asm.FieldWriter                                                   : loaded 2 times (x 74B)
Class com.google.common.cache.CacheBuilder$NullListener                               : loaded 2 times (x 78B)
Class org.gradle.internal.classpath.TransformedClassPath                              : loaded 2 times (x 92B)
Class org.gradle.internal.classloader.InstrumentingClassLoader                        : loaded 2 times (x 66B)
Class com.google.common.cache.CacheLoader$FunctionToCacheLoader                       : loaded 2 times (x 71B)
Class com.google.common.collect.Iterators$ArrayItr                                    : loaded 2 times (x 93B)
Class com.google.common.collect.ImmutableCollection$Builder                           : loaded 2 times (x 72B)
Class com.google.common.base.MoreObjects                                              : loaded 2 times (x 67B)
Class com.google.common.collect.Platform                                              : loaded 2 times (x 67B)
Class [Lorg.objectweb.asm.Type;                                                       : loaded 2 times (x 65B)
Class com.google.common.collect.UnmodifiableIterator                                  : loaded 2 times (x 76B)
Class org.gradle.internal.service.ServiceLocator                                      : loaded 2 times (x 66B)
Class com.google.common.base.Ascii                                                    : loaded 2 times (x 67B)
Class com.google.common.collect.SingletonImmutableBiMap                               : loaded 2 times (x 139B)
Class com.google.common.cache.LocalCache$1                                            : loaded 2 times (x 85B)
Class com.google.common.collect.AbstractMapEntry                                      : loaded 2 times (x 77B)
Class com.google.common.collect.AbstractMultimap                                      : loaded 2 times (x 119B)
Class com.google.common.cache.LocalCache$2                                            : loaded 2 times (x 138B)
Class com.google.common.util.concurrent.AbstractFuture$UnsafeAtomicHelper$1           : loaded 2 times (x 72B)
Class com.google.common.collect.RegularImmutableAsList                                : loaded 2 times (x 213B)
Class com.google.common.util.concurrent.AbstractFuture$Trusted                        : loaded 2 times (x 66B)
Class com.google.common.collect.Iterators                                             : loaded 2 times (x 67B)
Class com.google.common.collect.Lists$StringAsImmutableList                           : loaded 2 times (x 203B)
Class com.google.common.util.concurrent.UncheckedExecutionException                   : loaded 2 times (x 78B)
Class org.gradle.kotlin.dsl.VersionCatalogAccessorsKt                                 : loaded 2 times (x 67B)
Class org.gradle.internal.InternalTransformer                                         : loaded 2 times (x 66B)
Class org.objectweb.asm.ClassWriter                                                   : loaded 2 times (x 102B)
Class com.google.common.base.CharMatcher$And                                          : loaded 2 times (x 108B)
Class com.google.common.cache.CacheLoader$UnsupportedLoadingOperationException        : loaded 2 times (x 78B)
Class org.gradle.internal.classloader.ClasspathUtil$1                                 : loaded 2 times (x 72B)
Class org.objectweb.asm.FieldVisitor                                                  : loaded 2 times (x 73B)
Class com.google.common.collect.IndexedImmutableSet                                   : loaded 2 times (x 148B)
Class com.google.common.collect.ImmutableMap$1                                        : loaded 2 times (x 77B)
Class com.google.common.collect.BiMap                                                 : loaded 2 times (x 66B)
Class org.gradle.api.internal.classpath.DefaultModuleRegistry$DefaultModule           : loaded 2 times (x 82B)
Class com.google.common.primitives.Ints                                               : loaded 2 times (x 67B)
Class com.google.common.collect.AbstractIterator                                      : loaded 2 times (x 78B)
Class com.google.common.collect.Multiset                                              : loaded 2 times (x 66B)
Class com.google.common.collect.ArrayListMultimapGwtSerializationDependencies         : loaded 2 times (x 168B)
Class com.google.common.collect.AbstractIndexedListIterator                           : loaded 2 times (x 92B)
Class com.google.common.math.MathPreconditions                                        : loaded 2 times (x 67B)
Class com.google.common.collect.ImmutableMapEntrySet                                  : loaded 2 times (x 148B)
Class org.gradle.api.internal.classpath.Module                                        : loaded 2 times (x 66B)
Class com.google.common.cache.Weigher                                                 : loaded 2 times (x 66B)
Class org.gradle.api.internal.classpath.UnknownModuleException                        : loaded 2 times (x 78B)
Class com.google.common.base.Stopwatch                                                : loaded 2 times (x 68B)
Class com.google.common.cache.LocalCache$Strength                                     : loaded 2 times (x 77B)
Class com.google.common.cache.Cache                                                   : loaded 2 times (x 66B)
Class com.google.common.util.concurrent.AbstractFuture$Cancellation                   : loaded 2 times (x 68B)
Class com.google.common.collect.ImmutableMap$Builder                                  : loaded 2 times (x 78B)
Class com.google.common.cache.RemovalListener                                         : loaded 2 times (x 66B)
Class org.gradle.api.internal.DefaultClassPathRegistry                                : loaded 2 times (x 72B)
Class com.google.common.primitives.IntsMethodsForWeb                                  : loaded 2 times (x 67B)
Class com.google.common.collect.Multimap                                              : loaded 2 times (x 66B)
Class org.gradle.api.internal.ClassPathRegistry                                       : loaded 2 times (x 66B)
Class org.gradle.internal.classpath.DefaultClassPath$ImmutableUniqueList              : loaded 2 times (x 195B)
Class com.google.common.cache.CacheBuilder                                            : loaded 2 times (x 68B)
Class com.google.common.collect.SingletonImmutableList                                : loaded 2 times (x 203B)
Class com.google.common.base.PairwiseEquivalence                                      : loaded 2 times (x 79B)
Class Settings_gradle$1                                                               : loaded 2 times (x 70B)
Class org.gradle.internal.classpath.ClassPath                                         : loaded 2 times (x 66B)
Class org.gradle.api.UncheckedIOException                                             : loaded 2 times (x 78B)
Class com.google.common.collect.ImmutableList$ReverseImmutableList                    : loaded 2 times (x 205B)
Class org.objectweb.asm.SymbolTable$Entry                                             : loaded 2 times (x 70B)
Class com.google.common.util.concurrent.AbstractFuture$AtomicHelper                   : loaded 2 times (x 74B)
Class org.objectweb.asm.Edge                                                          : loaded 2 times (x 68B)
Class com.google.common.base.Suppliers$SupplierOfInstance                             : loaded 2 times (x 75B)
Class com.google.common.collect.Iterators$1                                           : loaded 2 times (x 77B)
Class com.google.common.cache.LocalCache$ComputingValueReference                      : loaded 2 times (x 92B)
Class com.google.common.collect.SingletonImmutableSet                                 : loaded 2 times (x 142B)
Class com.google.common.collect.ImmutableMap$IteratorBasedImmutableMap                : loaded 2 times (x 122B)
Class com.google.common.cache.LocalCache$Segment                                      : loaded 2 times (x 150B)
Class com.google.common.collect.AbstractListMultimap                                  : loaded 2 times (x 168B)
Class [Lorg.objectweb.asm.SymbolTable$Entry;                                          : loaded 2 times (x 65B)
Class com.google.common.cache.CacheLoader                                             : loaded 2 times (x 70B)
Class com.google.common.collect.Iterators$4                                           : loaded 2 times (x 78B)
Class com.google.common.collect.ImmutableBiMap                                        : loaded 2 times (x 139B)
Class ijKotlinCoroutineJvmDebugInit1_1islfdih7zxb4o4lnxhngxzfz$_run_closure1          : loaded 2 times (x 135B)
Class org.gradle.internal.installation.GradleInstallation$1                           : loaded 2 times (x 71B)
Class org.gradle.api.internal.classpath.ModuleRegistry                                : loaded 2 times (x 66B)
Class com.google.common.util.concurrent.internal.InternalFutureFailureAccess          : loaded 2 times (x 68B)
Class com.google.common.collect.Iterators$5                                           : loaded 2 times (x 78B)
Class com.google.common.collect.ImmutableSet$JdkBackedSetBuilderImpl                  : loaded 2 times (x 72B)
Class com.google.common.util.concurrent.AbstractFuture$UnsafeAtomicHelper             : loaded 2 times (x 74B)
Class com.google.common.base.CharMatcher$ForPredicate                                 : loaded 2 times (x 108B)
Class com.google.common.cache.LocalCache$LocalManualCache$1                           : loaded 2 times (x 71B)
Class com.google.common.base.CharMatcher$AnyOf                                        : loaded 2 times (x 108B)
Class com.google.common.collect.ImmutableCollection                                   : loaded 2 times (x 121B)
Class org.gradle.api.internal.classpath.DefaultModuleRegistry                         : loaded 2 times (x 82B)
Class com.google.common.collect.Lists                                                 : loaded 2 times (x 67B)
Class com.google.common.util.concurrent.ListenableFuture                              : loaded 2 times (x 66B)
Class com.google.common.cache.ReferenceEntry                                          : loaded 2 times (x 66B)
Class com.google.common.base.Converter                                                : loaded 2 times (x 86B)
Class com.google.common.collect.ImmutableSet$CachingAsList                            : loaded 2 times (x 144B)
Class com.google.common.collect.AbstractMapBasedMultimap                              : loaded 2 times (x 135B)
Class com.google.common.util.concurrent.AbstractFuture                                : loaded 2 times (x 102B)
Class com.google.common.base.FunctionalEquivalence                                    : loaded 2 times (x 79B)
Class com.google.common.collect.Iterators$9                                           : loaded 2 times (x 77B)
Class com.google.common.collect.ImmutableAsList                                       : loaded 2 times (x 205B)
Class org.objectweb.asm.RecordComponentVisitor                                        : loaded 2 times (x 73B)
Class com.google.common.cache.CacheLoader$SupplierToCacheLoader                       : loaded 2 times (x 71B)
Class ijJvmDebugger1_87cxyz9tby5w5i9h8a7swe0n0                                        : loaded 2 times (x 175B)
Class com.google.common.collect.Maps$EntryTransformer                                 : loaded 2 times (x 66B)
Class org.gradle.internal.service.ServiceLookupException                              : loaded 2 times (x 78B)
Class [Lcom.google.common.cache.LocalCache$EntryFactory;                              : loaded 2 times (x 65B)
Class org.gradle.internal.classloader.ClassLoaderFactory                              : loaded 2 times (x 66B)
Class com.google.common.base.CharMatcher$IsNot                                        : loaded 2 times (x 107B)
Class com.google.common.cache.LocalCache$LocalManualCache                             : loaded 2 times (x 95B)
Class org.gradle.internal.service.CachingServiceLocator                               : loaded 2 times (x 78B)
Class com.google.common.math.IntMath                                                  : loaded 2 times (x 67B)
Class ijKotlinCoroutineJvmDebugInit1_1islfdih7zxb4o4lnxhngxzfz$_run_closure1$_closure2: loaded 2 times (x 135B)
Class com.google.common.collect.ImmutableMapEntry                                     : loaded 2 times (x 81B)
Class com.google.common.base.Equivalence                                              : loaded 2 times (x 78B)
Class com.google.common.base.Function                                                 : loaded 2 times (x 66B)
Class com.google.common.collect.ImmutableMapEntry$NonTerminalImmutableMapEntry        : loaded 2 times (x 81B)
Class com.google.common.collect.IndexedImmutableSet$1                                 : loaded 2 times (x 209B)
Class com.google.common.cache.CacheBuilder$OneWeigher                                 : loaded 2 times (x 78B)
Class com.google.common.collect.RegularImmutableList                                  : loaded 2 times (x 209B)
Class org.gradle.internal.classloader.ClasspathUtil                                   : loaded 2 times (x 67B)
Class com.google.common.base.Charsets                                                 : loaded 2 times (x 67B)
Class com.google.common.util.concurrent.Uninterruptibles                              : loaded 2 times (x 67B)
Class com.google.common.collect.Maps                                                  : loaded 2 times (x 67B)
Class org.gradle.api.specs.Spec                                                       : loaded 2 times (x 66B)
Class [Lcom.google.common.collect.ImmutableEntry;                                     : loaded 2 times (x 65B)
Class com.google.common.cache.LocalCache$LoadingValueReference                        : loaded 2 times (x 92B)
Class Build_gradle$1                                                                  : loaded 2 times (x 74B)
Class com.google.common.collect.Maps$8                                                : loaded 2 times (x 78B)
Class com.google.common.collect.Sets$SetView                                          : loaded 2 times (x 134B)
Class com.google.common.cache.LocalCache$StrongValueReference                         : loaded 2 times (x 86B)
Class com.google.common.util.concurrent.AbstractFuture$SynchronizedHelper             : loaded 2 times (x 74B)
Class org.objectweb.asm.Type                                                          : loaded 2 times (x 68B)
Class org.gradle.internal.classloader.VisitableURLClassLoader$InstrumentingVisitableURLClassLoader: loaded 2 times (x 119B)
Class org.objectweb.asm.ByteVector                                                    : loaded 2 times (x 75B)
Class [Lcom.google.common.cache.CacheBuilder$NullListener;                            : loaded 2 times (x 65B)
Class com.google.common.math.IntMath$1                                                : loaded 2 times (x 67B)
Class ijKotlinCoroutineJvmDebugInit1_1islfdih7zxb4o4lnxhngxzfz                        : loaded 2 times (x 175B)
Class org.gradle.internal.classloader.VisitableURLClassLoader$Spec                    : loaded 2 times (x 70B)
Class org.gradle.internal.classpath.DefaultClassPath                                  : loaded 2 times (x 86B)
Class org.objectweb.asm.Symbol                                                        : loaded 2 times (x 69B)
Class com.google.common.base.CharMatcher$Ascii                                        : loaded 2 times (x 108B)
Class com.google.common.base.CharMatcher$BitSetMatcher                                : loaded 2 times (x 108B)
Class com.google.common.collect.ImmutableSet                                          : loaded 2 times (x 141B)
Class com.google.common.collect.RegularImmutableMap$Values                            : loaded 2 times (x 203B)
Class org.gradle.internal.classloader.ClassLoaderSpec                                 : loaded 2 times (x 67B)
Class org.objectweb.asm.AnnotationWriter                                              : loaded 2 times (x 75B)
Class com.google.common.cache.CacheStats                                              : loaded 2 times (x 67B)
Class org.objectweb.asm.RecordComponentWriter                                         : loaded 2 times (x 74B)
Class com.google.common.util.concurrent.AbstractFuture$Listener                       : loaded 2 times (x 68B)
Class com.google.common.base.CharMatcher$Or                                           : loaded 2 times (x 108B)
Class Settings_gradle$1$1                                                             : loaded 2 times (x 70B)
Class org.objectweb.asm.Attribute                                                     : loaded 2 times (x 73B)
Class com.google.common.base.Supplier                                                 : loaded 2 times (x 66B)
Class org.gradle.internal.classloader.VisitableURLClassLoader                         : loaded 2 times (x 113B)
Class com.google.common.util.concurrent.AbstractFuture$Waiter                         : loaded 2 times (x 68B)
Class Settings_gradle                                                                 : loaded 2 times (x 124B)
Class org.gradle.internal.Cast                                                        : loaded 2 times (x 67B)
Class org.gradle.api.Action                                                           : loaded 2 times (x 66B)
Class com.google.common.collect.Sets                                                  : loaded 2 times (x 67B)
Class org.objectweb.asm.Handler                                                       : loaded 2 times (x 68B)
Class com.google.common.base.CharMatcher$FastMatcher                                  : loaded 2 times (x 107B)
Class com.google.common.base.Ticker                                                   : loaded 2 times (x 68B)
Class [Lcom.google.common.cache.LocalCache$Segment;                                   : loaded 2 times (x 65B)
Class com.google.common.base.Predicate                                                : loaded 2 times (x 66B)
Class [Lcom.google.common.cache.LocalCache$Strength;                                  : loaded 2 times (x 65B)
Class com.google.common.cache.CacheBuilder$1                                          : loaded 2 times (x 81B)
Class com.google.common.collect.ImmutableMap                                          : loaded 2 times (x 116B)
Class org.gradle.internal.classpath.DefaultClassPath$ImmutableUniqueList$Builder      : loaded 2 times (x 71B)
Class com.google.common.base.CharMatcher$NegatedFastMatcher                           : loaded 2 times (x 109B)
Class com.google.common.cache.LocalCache                                              : loaded 2 times (x 183B)
Class com.google.common.cache.CacheBuilder$2                                          : loaded 2 times (x 75B)
Class com.google.common.collect.ArrayListMultimap                                     : loaded 2 times (x 168B)
Class com.google.common.cache.CacheBuilder$3                                          : loaded 2 times (x 68B)
Class [Lcom.google.common.collect.AbstractMapEntry;                                   : loaded 2 times (x 65B)
Class com.google.common.collect.ImmutableEntry                                        : loaded 2 times (x 78B)
Class org.gradle.api.GradleException                                                  : loaded 2 times (x 78B)
Class com.google.common.collect.CollectPreconditions                                  : loaded 2 times (x 67B)
Class com.google.common.collect.SortedMapDifference                                   : loaded 2 times (x 66B)
Class com.google.common.cache.LocalCache$EntryFactory                                 : loaded 2 times (x 79B)
Class com.google.common.cache.LocalCache$AbstractReferenceEntry                       : loaded 2 times (x 103B)
Class ijJvmDebugger1_87cxyz9tby5w5i9h8a7swe0n0$_run_closure1$_closure2                : loaded 2 times (x 136B)
Class org.gradle.internal.IoActions                                                   : loaded 2 times (x 67B)
Class org.objectweb.asm.SymbolTable                                                   : loaded 2 times (x 68B)
Class com.google.common.cache.CacheLoader$InvalidCacheLoadException                   : loaded 2 times (x 78B)
Class com.google.common.collect.ImmutableSet$RegularSetBuilderImpl                    : loaded 2 times (x 73B)
Class org.gradle.internal.classloader.SystemClassLoaderSpec                           : loaded 2 times (x 67B)
Class com.google.common.cache.LocalCache$StrongEntry                                  : loaded 2 times (x 104B)
Class com.google.common.util.concurrent.AbstractFuture$TrustedFuture                  : loaded 2 times (x 110B)
Class com.google.common.cache.LoadingCache                                            : loaded 2 times (x 66B)
Class org.objectweb.asm.MethodWriter                                                  : loaded 2 times (x 102B)
Class [Lcom.google.common.cache.Weigher;                                              : loaded 2 times (x 65B)
Class com.google.common.collect.RegularImmutableMap$BucketOverflowException           : loaded 2 times (x 78B)
Class com.google.common.collect.RegularImmutableBiMap                                 : loaded 2 times (x 145B)
Class com.google.common.base.CharMatcher$Negated                                      : loaded 2 times (x 109B)
Class com.google.common.base.CharMatcher$Is                                           : loaded 2 times (x 107B)
Class com.google.common.cache.LocalCache$ValueReference                               : loaded 2 times (x 66B)
Class com.google.common.util.concurrent.AbstractFuture$Failure                        : loaded 2 times (x 68B)
Class com.google.common.base.Equivalence$Equals                                       : loaded 2 times (x 78B)
Class com.google.common.collect.Hashing                                               : loaded 2 times (x 67B)
Class com.google.common.base.Preconditions                                            : loaded 2 times (x 67B)
Class org.objectweb.asm.Label                                                         : loaded 2 times (x 69B)
Class org.objectweb.asm.CurrentFrame                                                  : loaded 2 times (x 69B)
Class org.objectweb.asm.ClassTooLargeException                                        : loaded 2 times (x 79B)
Class com.google.common.base.CharMatcher                                              : loaded 2 times (x 107B)
Class com.google.common.collect.PeekingIterator                                       : loaded 2 times (x 66B)
Class org.objectweb.asm.Frame                                                         : loaded 2 times (x 69B)
Class org.objectweb.asm.MethodVisitor                                                 : loaded 2 times (x 101B)
Class com.google.common.base.CharMatcher$1                                            : loaded 2 times (x 109B)
Class com.google.common.base.CharMatcher$NamedFastMatcher                             : loaded 2 times (x 108B)
Class com.google.common.cache.LocalCache$EntryFactory$1                               : loaded 2 times (x 79B)
Class [Lcom.google.common.cache.RemovalListener;                                      : loaded 2 times (x 65B)
Class com.google.common.cache.LocalCache$EntryFactory$2                               : loaded 2 times (x 79B)
Class org.gradle.api.internal.classpath.GlobalCacheRootsProvider                      : loaded 2 times (x 66B)
Class org.objectweb.asm.ModuleWriter                                                  : loaded 2 times (x 78B)
Class com.google.common.cache.LocalCache$EntryFactory$3                               : loaded 2 times (x 79B)
Class com.google.common.base.Ticker$1                                                 : loaded 2 times (x 68B)
Class com.google.common.collect.Maps$BiMapConverter                                   : loaded 2 times (x 86B)
Class com.google.common.collect.ImmutableMapEntrySet$RegularEntrySet                  : loaded 2 times (x 148B)
Class com.google.common.base.CharMatcher$InRange                                      : loaded 2 times (x 107B)
Class com.google.common.cache.LocalCache$EntryFactory$4                               : loaded 2 times (x 79B)
Class com.google.common.collect.ImmutableSet$Builder                                  : loaded 2 times (x 81B)
Class com.google.common.cache.LocalCache$EntryFactory$5                               : loaded 2 times (x 79B)
Class com.google.common.cache.LocalCache$EntryFactory$6                               : loaded 2 times (x 79B)
Class Build_gradle                                                                    : loaded 2 times (x 68B)
Class org.gradle.internal.installation.CurrentGradleInstallationLocator               : loaded 2 times (x 67B)
Class com.google.common.cache.LocalCache$EntryFactory$7                               : loaded 2 times (x 79B)
Class com.google.common.collect.ImmutableSet$EmptySetBuilderImpl                      : loaded 2 times (x 72B)
Class com.google.common.collect.ImmutableList                                         : loaded 2 times (x 202B)
Class org.gradle.internal.service.DefaultServiceLocator                               : loaded 2 times (x 79B)
Class com.google.common.cache.LocalCache$EntryFactory$8                               : loaded 2 times (x 79B)
Class com.google.common.collect.ImmutableSet$SetBuilderImpl                           : loaded 2 times (x 72B)
Class org.gradle.internal.installation.CurrentGradleInstallation                      : loaded 2 times (x 69B)
Class com.google.common.cache.CacheLoader$1                                           : loaded 2 times (x 71B)
Class com.google.common.collect.ImmutableList$SubList                                 : loaded 2 times (x 205B)
Class org.gradle.util.internal.GUtil                                                  : loaded 2 times (x 67B)
Class com.google.common.util.concurrent.AbstractFuture$SetFuture                      : loaded 2 times (x 71B)
Class com.google.common.cache.AbstractCache$StatsCounter                              : loaded 2 times (x 66B)
Class com.google.common.collect.Iterators$MergingIterator                             : loaded 2 times (x 77B)
Class com.google.common.collect.RegularImmutableSet                                   : loaded 2 times (x 145B)
Class ijJvmDebugger1_87cxyz9tby5w5i9h8a7swe0n0$_run_closure1                          : loaded 2 times (x 135B)
Class org.gradle.internal.installation.GradleInstallation                             : loaded 2 times (x 71B)
Class com.google.common.collect.Iterables                                             : loaded 2 times (x 67B)

---------------  S Y S T E M  ---------------

OS:
 Windows 11 , 64 bit Build 26100 (10.0.26100.6725)
OS uptime: 10 days 15:05 hours
Hyper-V role detected

CPU: total 8 (initial active 8) (8 cores per cpu, 2 threads per core) family 23 model 160 stepping 0 microcode 0x8a0000a, cx8, cmov, fxsr, ht, mmx, 3dnowpref, sse, sse2, sse3, ssse3, sse4a, sse4.1, sse4.2, popcnt, lzcnt, tsc, tscinvbit, avx, avx2, aes, clmul, bmi1, bmi2, adx, sha, fma, vzeroupper, clflush, clflushopt, hv, rdtscp, rdpid, f16c
Processor Information for the first 8 processors :
  Max Mhz: 2401, Current Mhz: 2401, Mhz Limit: 2401

Memory: 4k page, system-wide physical 7412M (294M free)
TotalPageFile size 29940M (AvailPageFile size 3M)
current process WorkingSet (physical memory assigned to process): 305M, peak: 316M
current process commit charge ("private bytes"): 407M, peak: 408M

vm_info: OpenJDK 64-Bit Server VM (21.0.6+-13391695-b895.109) for windows-amd64 JRE (21.0.6+-13391695-b895.109), built on 2025-04-22T21:19:17Z by "builder" with MS VC++ 16.10 / 16.11 (VS2019)

END.
